000406765
000406765
000406765
000406765
000406765
000406765
000406765
000406765
000406765
000406765
000406765
000406765
000406765
000406765
000406765
000406765
000406765
000406765
000406765
000406765
000406765
000417225
000417225
000417225
000417225
000417225
000417225
000417225
000417225
000417225
000417225
000417225
000417225
000417225
000417225
000417225
000417225
000417225
000417225
000417225
000417225
000417225
000417265
000417265
000417265
000417265
000417265
000417265
000417265
000417265
000417265
000417265
000417265
000417265
000417265
000417265
000417265
000417265
000417265
000417265
000417265
000417265
000417265
000521985
000566725
000566725
000566725
000566725
000566725
000566725
000566725
000566725
000566725
000566725
000566725
000566725
000566725
000566725
000566745
000566745
000566745
000566745
000566745
000566745
000566745
000566745
000566745
000566745
000566745
000566745
000566745
000566745
000566765
000566765
000566765
000566765
000566765
000566765
000566765
000566765
000566765
000566765
000566765
000566765
000566765
000566765
000566785
000566785
000566785
000566785
000566785
000566785
000566785
000566785
000566785
000566785
000566785
000566785
000566785
000566785
000566805
000566805
000566805
000566805
000566805
000566805
000566805
000566805
000566805
000566805
000566805
000566805
000566805
000566805
000566825
000566825
000566825
000566825
000566825
000566825
000566825
000566825
000566825
000566825
000566825
000566825
000566825
000566825
000566845
000566845
000566845
000566845
000566845
000566845
000566845
000566845
000566845
000566845
000566845
000566845
000566845
000566845
000566865
000566865
000566865
000566865
000566865
000566865
000566865
000566865
000566865
000566865
000566865
000566865
000566865
000566885
000566885
000566885
000566885
000566885
000566885
000566885
000566885
000566885
000566885
000566885
000566885
000566885
000566885
000566905
000566905
000566905
000566905
000566905
000566905
000566905
000566905
000566905
000566905
000566905
000566905
000566905
000566905
000566925
000566925
000566925
000566925
000566925
000566925
000566925
000566925
000566925
000566925
000566925
000566925
000566925
000566925
000566945
000566945
000566945
000566945
000566945
000566945
000566945
000566945
000566945
000566945
000566945
000566945
000566945
000566945
000566965
000566965
000566965
000566965
000566965
000566965
000566965
000566965
000566965
000566965
000566965
000566965
000566965
000566965
000566985
000566985
000566985
000566985
000566985
000566985
000566985
000566985
000566985
000566985
000566985
000566985
000566985
000566985
000567045
000567285
000567505
000706585
000706585
000706585
000706585
000706585
000706585
000706585
000706585
000706585
000706585
000706585
000706585
000764615
000764615
001482605
001482605
001482645
001511035
001511095
001511115
001511135
001511135
001511155
001511195
001511215
001511215
001511255
001511295
001511395
001511415
001511455
001511535
001511535
001511635
001511675
001511675
001511675
001511715
001511735
001517725
001517805
001517955
001546515
001546515
001597145
001597145
001597165
001597225
001613585
001613595
001613645
001613645
001613645
001613645
001613655
001613665
001613715
001613715
001663195
001663195
001663295
001675125
001675125
001695775
001695775
001695775
001701415
001701415
001701415
001701425
001701725
001701755
001701765
001701845
001701845
001701845
001701935
001702045
001702045
001704235
001704235
001704235
001704235
001704235
001704235
001704235
001704235
001704235
001704235
001704235
001704235
001704235
001704235
001704235
001704235
001704235
001704235
001704235
001704235
001704235
001709275
001709275
001709275
001709275
001709275
001709275
001709275
001709275
001709275
001709275
001709275
001709275
001709275
001709275
001709275
001709275
001709275
001709275
001709275
001709275
001709275
001709275
001709295
001709295
001709295
001709295
001709295
001709295
001709295
001709295
001709295
001709295
001709295
001709295
001709295
001709295
001709295
001709295
001709295
001709295
001709295
001709295
001709295
001709295
001709295
001720875
001902755
001902765
001902775
001902815
001902855
001902875
001902875
001902875
001902955
001903035
001903045
001903045
001903045
001903175
001903195
001903195
001903255
001903255
001903265
001903265
001903355
001903445
001903465
001903495
001903495
001903515
001903515
001903515
001903535
001903555
001903555
001903605
001903605
001903605
001903615
001903675
001903675
001903675
001903735
001903775
001903785
001903795
001903865
001903875
001903875
001903915
001903915
001904015
001904015
001904015
001904075
001904075
001904095
001904095
001904155
001904155
001904155
001904205
001904205
001904235
001904255
001904375
001904405
001904485
001904485
001904495
001904535
001908895
001908895
001922465
001922465
001922465
001922465
001922465
001922465
001922465
001922465
001922465
001922465
001922465
001922465
001922465
001922465
001922465
001922465
001922465
001922465
001922465
001922465
001922465
001922465
001922465
002055765
002055765
002055765
002055765
002055765
002055765
002055765
002055765
002055765
002055765
002055765
002055765
002055765
002055765
002055765
002055765
002055765
002055765
002055765
002055765
002055765
002055765
002055855
002055855
002055855
002055855
002055855
002055855
002055855
002055855
002055855
002055855
002055855
002055855
002055855
002055855
002055855
002055855
002055855
002055855
002055855
002055855
002055855
002055855
002055855
002055855
002056385
002056385
002056385
002056385
002056385
002056385
002056385
002056385
002056385
002056385
002056385
002056385
002056385
002056385
002056385
002056385
002056385
002056385
002056385
002056385
002056385
002056475
002056475
002056475
002056475
002056475
002056475
002056475
002056475
002056475
002056475
002056475
002056475
002056475
002056475
002056475
002056475
002056475
002056475
002056475
002056475
002056475
002056475
002056475
002086055
002086055
002087715
002102635
002104265
002104265
002104365
002104635
002104635
002108235
002108235
002108235
002108245
002119955
002120065
002148835
002152605
002152675
002152825
002153155
002153175
002153305
002174005
002174005
002180075
002180075
002180075
002180075
002180075
002180075
002180075
002180075
002180075
002180075
002180075
002180075
002180075
002180075
002180075
002180075
002180075
002180075
002180075
002180075
002180075
002180075
002180075
002180155
002180155
002180155
002180155
002180155
002180155
002180155
002180155
002180155
002180155
002180155
002180155
002180155
002180155
002180155
002180155
002180155
002180155
002180155
002180155
002180155
002180175
002180175
002180175
002180175
002180175
002180175
002180175
002180175
002180175
002180175
002180175
002180175
002180175
002180175
002180175
002180175
002180175
002180175
002180175
002180175
002180175
002180175
002180175
002180255
002180255
002180255
002180255
002180255
002180255
002180255
002180255
002180255
002180255
002180255
002180255
002180255
002180255
002180255
002180255
002180255
002180255
002180255
002180255
002180255
002180255
002180255
002180295
002180295
002180295
002180295
002180295
002180295
002180295
002180295
002180295
002180295
002180295
002180295
002180295
002180295
002180295
002180295
002180295
002180295
002180295
002180295
002180295
002180315
002180315
002180315
002180315
002180315
002180315
002180315
002180315
002180315
002180315
002180315
002180315
002180315
002180315
002180315
002180315
002180315
002180315
002180315
002180315
002180315
002180315
002180315
002184395
002184485
002184515
002184705
002184745
002184745
002184785
002184785
002184795
002184795
002184825
002184835
002184865
002184875
002184915
002184915
002184915
002184955
002184985
002184995
002185025
002185135
002185135
002185205
002185205
002185385
002185415
002185515
002185545
002185555
002185575
002185625
002185625
002185625
002185655
002185665
002185665
002185725
002185735
002185735
002185745
002185805
002185815
002185835
002185905
002185905
002185965
002186015
002186045
002186055
002186085
002186095
002186125
002186135
002186185
002186245
002186275
002186415
002192315
002192315
002192315
002192315
002192315
002192315
002192315
002192315
002192315
002192315
002192315
002192315
002192315
002192315
002192315
002192315
002192315
002192315
002192315
002192315
002192315
002192335
002192335
002192335
002192335
002192335
002192335
002192335
002192335
002192335
002192335
002192335
002192335
002192335
002192335
002192335
002192335
002192335
002192335
002192335
002192335
002192335
002192375
002192375
002192375
002192375
002192375
002192375
002192375
002192375
002192375
002192375
002192375
002192375
002192375
002192375
002192375
002192375
002192375
002192375
002192375
002192375
002192375
002192375
002192375
002197225
002197225
002197225
002197225
002197225
002197225
002197225
002197225
002197225
002197225
002197225
002197225
002197225
002197225
002197225
002197225
002197225
002197225
002197225
002197225
002197225
002197505
002197505
002197505
002197505
002197505
002197505
002197505
002197505
002197505
002197505
002197505
002197505
002197505
002197505
002197505
002197505
002197505
002197505
002197505
002197505
002197505
002202195
002202195
002202195
002202195
002202195
002202195
002202195
002202195
002202195
002202195
002202195
002202195
002202195
002202195
002202195
002202195
002202195
002202195
002202195
002202195
002202195
002202195
002202195
002202215
002202215
002202215
002202215
002202215
002202215
002202215
002202215
002202215
002202215
002202215
002202215
002202215
002202215
002202215
002202215
002202215
002202215
002202215
002202215
002202215
002202215
002202215
002202235
002202235
002202235
002202235
002202235
002202235
002202235
002202235
002202235
002202235
002202235
002202235
002202235
002202235
002202235
002202235
002202235
002202235
002202235
002202235
002202235
002202235
002202235
002202255
002202255
002202255
002202255
002202255
002202255
002202255
002202255
002202255
002202255
002202255
002202255
002202255
002202255
002202255
002202255
002202255
002202255
002202255
002202255
002202255
002202255
002202255
002202275
002202275
002202275
002202275
002202275
002202275
002202275
002202275
002202275
002202275
002202275
002202275
002202275
002202275
002202275
002202275
002202275
002202275
002202275
002202275
002202275
002202275
002202275
002236195
002236195
002236195
002236245
002236245
002236265
002236315
002236365
002236385
002236385
002236445
002237985
002237985
002237985
002248115
002251875
002269895
002787755
002795755
002795755
002812365
002812665
002848545
002848585
002848835
002848835
002848835
002850275
002850275
002850335
002850335
002850335
002850355
002850795
002850805
002850805
002850835
002850845
002850955
002850955
002850995
002850995
002851015
002851015
002851055
002851055
002851115
002851135
002851195
002851275
002851345
002851395
002851455
002851455
002851515
002851515
002851555
002851575
002851575
002851575
002851615
002853455
002853475
002853565
002853595
002853595
002853725
002853725
002853725
002853735
002853815
002853825
002853825
002853895
002853895
002853915
002853955
002854055
002854085
002854085
002854085
002854135
002854145
002854145
002854235
002854235
002854275
002854285
002854295
002854355
002854355
002854375
002854375
002854375
002854385
002854385
002854415
002854415
002854515
002854515
002854515
002854525
002854525
002854585
002854635
002854855
002854865
002854865
002854975
002854975
002854995
002855015
002855075
002855125
002855125
002855155
002855175
002855215
002855255
002855255
002855295
002855315
002855315
002855375
002855375
002855375
002855395
002855395
002855395
002855815
002855815
002855915
002855985
002856025
002856075
002856075
002856075
002856075
002856235
002856415
002856415
002856455
002856535
002856565
002856565
002856575
002856575
002856575
002856635
002856635
002856675
002856905
002856915
002856915
002856915
002856945
002856945
002856945
002857005
002857035
002857035
002857125
002857205
002857315
002857345
002861705
002861725
002861725
002861845
002866505
002866545
002866585
002866605
002866615
002866615
002870865
002870865
002870865
002870885
002870885
002870925
002870945
002870985
002872205
002918585
002918585
002918585
002918585
002918585
002918585
002918585
002918585
002918585
002918585
002918585
002918585
002918585
002918585
002918585
002918585
002918585
002918585
002918585
002948565
002948565
002948565
002948565
002948565
002948565
002948565
002948565
002948565
002948565
002948565
002948565
002948565
002948565
002948565
002948565
002948565
002948565
002948565
002948565
002948565
002948565
002948565
002968475
002968475
002968475
002968475
002968475
002968475
002968475
002968475
002968475
002968475
002968475
002968475
002968475
002968475
002968475
002968475
002968475
002968475
002968475
002968475
002968475
002968475
002968475
002968475
002968495
002968495
002968495
002968495
002968495
002968495
002968495
002968495
002968495
002968495
002968495
002968495
002968495
002968495
002968495
002968495
002968495
002968495
002968495
002968495
002968495
002968495
002968495
002968495
003037245
003069525
003069525
003069525
003069525
003069525
003069525
003069525
003069525
003069525
003069525
003069525
003069525
003069525
003069525
003069525
003069525
003069525
003069525
003069525
003069525
003069525
003069525
003069525
003071305
003071305
003071305
003071305
003071305
003071305
003071305
003071305
003071305
003071305
003071305
003071305
003071305
003071305
003071305
003071305
003071305
003071305
003071305
003071305
003071305
003071305
003071305
003073315
003073315
003073315
003073315
003073315
003073315
003073315
003073315
003073315
003073315
003073315
003073315
003073315
003073315
003073315
003073315
003073315
003073315
003073315
003073315
003073315
003073315
003073335
003073335
003073335
003073335
003073335
003073335
003073335
003073335
003073335
003073335
003073335
003073335
003073335
003073335
003073335
003073335
003073335
003073335
003073335
003073335
003073335
003073335
003073335
003073675
003073675
003073675
003073675
003073675
003073675
003073675
003073675
003073675
003073675
003073675
003073675
003073675
003073675
003073675
003073675
003073675
003073675
003073675
003073675
003073675
003073675
003073675
003074015
003074015
003074015
003074015
003074015
003074015
003074015
003074015
003074015
003074015
003074015
003074015
003074015
003074015
003074015
003074015
003074015
003074015
003074015
003074015
003074015
003074015
003074015
003074015
003116225
003116225
003116225
003186535
003186535
003186535
003186535
003186535
003186535
003186535
003186535
003186535
003186535
003186535
003186535
003186535
003186535
003186535
003186535
003186535
003194285
003194285
003194285
003194285
003194285
003194285
003194285
003194285
003194285
003194285
003194285
003194285
003194285
003194285
003194285
003194285
003194285
003194285
003194285
003194285
003194285
003194285
003194285
003194285
003194285
003194285
003194285
003194285
003194285
003194285
003194285
003194285
003194285
003194325
003194325
003194325
003194325
003194325
003194325
003194325
003194325
003194325
003194325
003194325
003194325
003194325
003194325
003194325
003194325
003194325
003194325
003194325
003194325
003194325
003194325
003194325
003194325
003194325
003194325
003194325
003194325
003194325
003194325
003194325
003194325
003194325
003194325
003203435
003203435
003203435
003203435
003203435
003203435
003203435
003203435
003203435
003203435
003203435
003203435
003203435
003204175
003204175
003204175
003204175
003204175
003204175
003204175
003204175
003204175
003204175
003204175
003204175
003204175
003204175
003204175
003204175
003204175
003204175
003204175
003204175
003204175
003204175
003204175
003204465
003204465
003204465
003204465
003204465
003204465
003204465
003204465
003204465
003204465
003204465
003204465
003204465
003204465
003204465
003204465
003204465
003204465
003204465
003204465
003204465
003204465
003204465
003262695
003262695
003288375
003288375
003288375
003288375
003288375
003288375
003288375
003288375
003288375
003288375
003288375
003288375
003288375
003288375
003288375
003288375
003288375
003288375
003288375
003288375
003288375
003288375
003288375
003288375
003324315
003326315
003326315
003326365
003326385
003326435
003326435
003326435
003327585
003334925
003334925
003334925
003334945
003334955
003335005
003335065
003345715
003345715
003345765
003346435
003346445
003346445
003346495
003346605
003346685
003353345
003353345
003353345
003353345
003353375
003363315
003363345
003363345
003363395
003363415
003363415
003363445
003363565
003363635
003363635
003363665
003363665
003363665
003367555
003367555
003382195
003400495
003400685
003400925
003401015
003401045
003401045
003401275
003401345
003401365
003401505
003401505
003402105
003402175
003402175
003402995
003403215
003403255
003408615
003410395
003410395
003427195
003432105
003432145
003432145
003432185
003432285
003432535
003432545
003432565
003432625
003432625
003432645
003437295
003437295
003469885
003471715
003471715
003471715
003475175
003475175
003569825
003569825
003571025
003571525
003571525
003571525
003571525
003571525
003571525
003571525
003571525
003571525
003571525
003571525
003571525
003571525
003571525
003571525
003571525
003571525
003571525
003571525
003571525
003571525
003571525
003571525
003571545
003571545
003571545
003571545
003571545
003571545
003571545
003571545
003571545
003571545
003571545
003571545
003571545
003571545
003571545
003571545
003571545
003571545
003571545
003571545
003571545
003571545
003571545
003571585
003571585
003571585
003571585
003571585
003571585
003571585
003571585
003571585
003571585
003571585
003571585
003571585
003571585
003571585
003571585
003571585
003571585
003571585
003571585
003571585
003571585
003571585
003571585
003571605
003571605
003571605
003571605
003571605
003571605
003571605
003571605
003571605
003571605
003571605
003571605
003571605
003571605
003571605
003571605
003571605
003571605
003571605
003571605
003571605
003571605
003571605
003571645
003571645
003571645
003571645
003571645
003571645
003571645
003571645
003571645
003571645
003571645
003571645
003571645
003571645
003571645
003571645
003571645
003571645
003571645
003571645
003571645
003571645
003571645
003571705
003571705
003571705
003571705
003571705
003571705
003571705
003571705
003571705
003571705
003571705
003571705
003571705
003571705
003571705
003571705
003571705
003571705
003571705
003571705
003571705
003571705
003571705
003571745
003571745
003571745
003571745
003571745
003571745
003571745
003571745
003571745
003571745
003571745
003571745
003571745
003571745
003571745
003571745
003571745
003571745
003571745
003571745
003571745
003571745
003571745
003573775
003574255
003576025
003583095
003583095
003583095
003583145
003583305
003583305
003583305
003584045
003584585
003584585
003586155
003586155
003586245
003591535
003592035
003597755
003598825
003598825
003664695
003664695
003664705
003664715
003664755
003664765
003664765
003664805
003664805
003664815
003664855
003664855
003664855
003664865
003664915
003664915
003664955
003664955
003664955
003664965
003664965
003664965
003666735
003666765
003666765
003666795
003687795
003687795
003687815
003687955
003688005
003688045
003688065
003688145
003692695
003693325
003711065
003711965
003789125
003789125
003790485
003830175
003830245
003830485
003830485
003830495
003830535
003830545
003830575
003830575
003830605
003830605
003830675
003830675
003855555
003856355
003856355
003856595
003860885
003860895
003861085
003861135
003861135
003861255
003861255
003861365
003861425
003861435
003861575
003861575
003865115
003865115
003934185
003934185
003934185
003934185
003936365
003936365
003936365
003936375
003936375
003936375
003936425
003936425
003936435
003936435
003936435
003936435
003936475
003936515
003937005
003937005
003937005
003937005
003937005
003937005
003937025
003937025
003937035
003937065
003937065
003937105
003937145
003937145
003937145
003937185
003937185
003937205
003937205
003937235
003937235
003937235
003937235
003937245
003937455
003937455
003937465
003937465
003937475
003937475
003937535
003937535
003937535
003937535
003937565
003937565
003937565
003937565
003938235
003938235
003940165
003940165
003944885
003944885
003944885
003944885
003944885
003944905
003944905
003963495
003963495
003965135
003965135
003965135
003965135
003966075
003966115
003967435
003977815
003977815
003992355
003992355
004004615
004004815
004004905
004005105
004005185
004005185
004005335
004005355
004005735
004005745
004006035
004010995
004010995
004011615
004011635
004014965
004023985
004024015
004024245
004024275
004024275
004024285
004024285
004118955
004119955
004119975
004119975
004119975
004120035
004120135
004120135
004120155
004127375
004127485
004127485
004127515
004127585
004127795
004145745
004145875
004146105
004179405
004179485
004179525
004179555
004179555
004208855
004208855
004209275
004212515
004284565
004284565
004294625
004294625
004294625
004294635
004294655
004294655
004294655
004294665
004294745
004295385
004295605
004296395
004307255
004310745
004310905
004310925
004311005
004311025
004311025
004311105
004311105
004311125
004311165
004311185
004311185
004311205
004311305
004311325
004311465
004311465
004311485
004311645
004311705
004311725
004311725
004311785
004311885
004311905
004311925
004311945
004311985
004312045
004312165
004312165
004312185
004312245
004312265
004312345
004312445
004312485
004312785
004312845
004312905
004313005
004313085
004313165
004313185
004313185
004313225
004313265
004313305
004313345
004313365
004313365
004313365
004313425
004313465
004313505
004313545
004313585
004320565
004321285
004321285
004321365
004321435
004322955
004322955
004322955
004322955
004322955
004322955
004322955
004322955
004322955
004322955
004322955
004322955
004322955
004322955
004322955
004322955
004322955
004322955
004322955
004322955
004322955
004322995
004322995
004322995
004322995
004322995
004322995
004322995
004322995
004322995
004322995
004322995
004322995
004322995
004322995
004322995
004322995
004322995
004322995
004322995
004322995
004322995
004322995
004323145
004323145
004323145
004323155
004323155
004323165
004343685
004344895
004344945
004357805
004357805
004357815
004357815
004358085
004790705
004790705
004795515
004795625
004803075
004830265
004830265
004830305
004830385
004830435
004830435
004830525
004830525
004830635
004830635
004830965
004831095
004831275
004831285
004831355
004831355
004831425
004831425
004831525
004831585
004831595
004831765
004831815
004832025
004832065
004832065
004832255
004832315
004832355
004832445
004832445
004832485
004832555
004832555
004832595
004832595
004832595
004832695
004832695
004832765
004832765
004832805
004832855
004832905
004832905
004832905
004833085
004833185
004833385
004833395
004833405
004833425
004833505
004833505
004833525
004833525
004833525
004833585
004833595
004833595
004833615
004833685
004833715
004833775
004833895
004833905
004922925
004922935
004922935
004922955
004922965
004922975
004922975
004923005
004923015
004923015
004923105
004923105
004923115
004923175
004923175
004924315
004924315
004924315
004924315
004924315
004924315
004924315
004924315
004924315
004924315
004924315
004924315
004924315
004924315
004924315
004924315
004924315
004924315
004924315
005046915
005046915
005047295
005048095
005048755
005048795
005145975
005146005
005146005
005146105
005146185
005146185
005146185
005405565
005503745
005503815
005503815
005503975
005503975
005503985
005503985
005504005
005504005
005504055
005504165
005504185
005504185
005504185
005504235
005504235
005504295
005504365
005508835
005853785
005853785
005854025
005944305
006130095
006130095
006130105
006130105
006130105
006130125
006130125
006130125
006130135
006130185
006130185
006130195
006130225
006130275
006130335
006130345
006130405
006130415
006130415
006130465
006130495
006130555
006130585
006130585
006130615
006130625
006130625
006130635
006130645
006130645
006130715
006130815
006130825
006130825
006130835
006130835
006130855
006130915
006130915
006130975
006131035
006131045
006131045
006131055
006131105
006131105
006131125
006131215
006131215
006131215
006131245
006131275
006131335
006131365
006151695
006151695
006151695
006152045
006152075
006152075
006304565
006304565
006349165
006349175
006349195
006349205
006349225
006349225
006349245
006349245
006349315
006351115
006364295
006459145
006459145
006487465
006487515
006487515
006487545
006487625
006494895
006494895
006517515
006540565
006540665
006540715
006540805
006540805
006540835
006540835
006540985
006541015
006541045
006541945
006541965
006541965
006541965
006542025
006542035
006542045
006542045
006542115
006542115
006542135
006542135
006542165
006542225
006542225
006542235
006542235
006542235
006542235
006546355
006546395
006546395
006546425
006546555
006546555
006546555
006937775
006937775
006937835
006937835
007096915
007097025
007097025
007115145
007115205
007115205
007115235
007115275
007115325
007115365
007115385
007115385
007115385
007115395
007115395
007115465
007115575
007115575
007115595
007197815
007197965
007655035
007873865
007873865
007873865
007954055
007954075
007954805
007954815
007954815
007954825
007954835
007954835
007955045
007955145
007955145
007955145
007955145
007955145
007955145
007955145
007955145
007955145
007955145
007955145
007955145
007955145
007955145
007955145
007955145
007955175
007955175
007955175
007955175
007955175
007955175
007955175
007955175
007955175
007955175
007955175
007955175
007955175
007955175
007955175
007955175
007955185
007955185
007955185
007955185
007955185
007955185
007955185
007955215
007955215
007955215
007955215
007955215
007955215
007955215
007955215
007955215
007955215
007955215
007955215
007955215
007955215
007955215
007955245
007955245
007955245
007955245
007955245
007955245
007955245
007955245
007955245
007955245
007955245
007955245
007955245
007955245
007955245
007955265
007955265
007955265
007955265
007955265
007955265
007955265
007955265
007955265
007955265
007955265
007955265
007955265
007955265
007955265
007955275
007955275
007955275
007955275
007955275
007955275
007955275
007955275
007955275
007955275
007955275
007955275
007955275
007955275
007955275
007955285
007955285
007955285
007955285
007955285
007955285
007955285
007955285
007955285
007955285
007955285
007955285
007955285
007955285
007955285
007955345
007955345
007955345
007955345
007955345
007955345
007955345
007955345
007955345
007955345
007955345
007955345
007955345
007955345
007955345
007955345
007993495
007993545
007993545
007993615
008081755
008081765
008081765
008081765
008081765
008081775
008081775
008081975
008082105
008082105
008082375
008082915
008087355
008087375
008087375
008107405
008107535
008119815
008119845
008120075
008120115
008120585
008120585
008120605
008120665
008120665
008120675
008120705
008120705
008120705
008120705
008120755
008120755
008120755
008120755
008120765
008120775
008123385
008180605
008180605
008245285
008274175
008320705
008320705
008374095
008374095
008374095
008374095
008374195
008374205
008374205
008374245
008374245
008374255
008374255
008374295
008374335
008374345
008374385
008374405
008374405
008374465
008374465
008374475
008374475
008374515
008374515
008374555
008374555
008374565
008374565
008374575
008374625
008374655
008374665
008374665
008374675
008374715
008374765
008374805
008374875
008374905
008374905
008374915
008374935
008374965
008374995
008375045
008375105
008375105
008375115
008375195
008375195
008375205
008375205
008375215
008375215
008375215
008375235
008375255
008375295
008375295
008375295
008452795
008572715
008572735
008572755
008572825
008572835
008572845
008572855
008572855
008572945
008572965
008573035
008630085
008630125
008630225
008630225
008630225
008630955
008630965
008630975
008630985
008631055
008631065
008631065
008631075
008631145
008631165
008631185
008631185
008631195
008632765
008632765
008632765
008634565
008634565
008634715
008634715
008634715
008634725
008634755
008634755
008693405
008693405
008693425
008693445
008704045
008704085
008704095
008704155
008704155
008704215
008704215
008728695
008756805
008756815
008756855
008756855
008756865
008756865
008756865
008756885
008756915
008830495
008830495
008830545
008830545
008830555
008830585
008830595
008830605
008830645
008830645
008867545
008867625
008867625
008867635
008867705
008867775
008867795
008867835
008867845
008867845
008867845
008867865
008867865
008867885
008867905
008867955
008868045
008868065
008923195
008923195
008931345
008931345
009184435
009184435
009184435
009184445
009207685
009207715
009207815
009207825
009207835
009207855
009207865
009207935
009207935
009207955
009207975
009207995
009207995
009208035
009208605
009208605
009208625
009208665
009208685
009208715
009208715
009387775
009387775
009497695
009497695
009497695
009497735
009646185
009646205
009646275
009647715
009647835
009648995
009660375
009661035
009661115
009661155
009661175
009661175
009661175
009661255
009661295
009661295
009661355
009661415
009661425
009661425
009661485
009661515
009661575
009661585
009661585
009661585
009661615
009661615
009661655
009661655
009661705
009661725
009684575
009695525
009710085
009710085
009710085
009710135
009710145
009710145
009710205
009710215
009710285
009710295
009710345
009710355
009710415
009710445
009710445
009710485
009710485
009710505
009710515
009710555
009710645
009720445
009720445
009734105
009734105
009746145
009746155
009746155
009746185
009746205
009746265
009746265
009746275
009746325
009746365
009746375
009746375
009755705
009755705
009757235
009758275
009758275
009760795
009760795
009763315
009763315
009763315
009765325
009791475
009795695
009795695
009797685
009797695
009797705
009797725
009797745
009797785
009797845
009807065
009807065
009807065
009811925
009811925
009811945
009811945
009811985
009812025
009821435
009821435
009821435
009821475
009821735
009821735
009821765
009821765
009821875
009821875
009821935
009821975
009821995
009822035
009822035
009822395
009822395
009822425
009825455
009825455
009825505
009825505
009825575
009825615
009825635
009825675
009825695
009825725
009825755
009825755
009825815
009825875
009825875
009825885
009825885
009825905
009825915
009825915
009825975
009826015
009826015
009826015
009826055
009826055
009826075
009826105
009826105
009826155
009826225
009826275
009826305
009826315
009826315
009826375
009826395
009826425
009826475
009826515
009826515
009826575
009826655
009826655
009826655
009826655
009826665
009826665
009826665
009826695
009826755
009832535
009848365
009848365
009848605
009856585
009856855
009856915
009856915
009856915
009856955
009877275
009877375
009877375
009877385
009884395
009884415
009887405
009887405
009887825
009887825
009887825
009887825
009898155
009898155
009902045
009902155
009902165
009902265
009902265
009902295
009902345
009902425
009907095
009907125
009907125
009907125
009907185
009907185
009907205
009907205
009907205
009907225
009907285
009907285
009907295
009907295
009907295
009907325
009907335
009907395
009907615
009907665
009907705
009907715
009907715
009907765
009907765
009907835
009907835
009914235
009914235
009925405
009925415
009928565
009928575
009928575
009928615
009930975
009930995
009930995
009931015
009931055
009931075
009935695
009982975
009983005
010179715
010179795
010179795
010179835
010179835
010179845
010183625
010183625
010183685
010367305
010374755
010374765
010374785
010450855
010588175
010590075
010590105
010590125
010590265
010590265
010590265
010590705
010590985
010591045
010591245
010594445
010594445
010594725
010597305
010597965
010598085
010598405
010598405
010598845
010598845
010599025
010602425
010602425
010602425
010602475
010602565
010602655
010602695
010671585
011008735
011008735
011008795
011008795
011008795
011008795
011008835
011028185
011028185
011028245
011029425
011029425
011029425
011029525
011029535
011029575
011029625
011029865
011030035
011030125
011030125
011030245
011037225
011037275
011037295
011037315
011037335
011037375
011037395
011037415
011037455
011037575
011037615
011037635
011037655
011037655
011037675
011037675
011037755
011037755
011037775
011037775
011037865
011037885
011037885
011037925
011037925
011037945
011037945
011037955
011037995
011038015
011038035
011038055
011038095
011038135
011038135
011038155
011038235
011038255
011038295
011038295
011038335
011038395
011038395
011038425
011038455
011038455
011038475
011038475
011038515
011038515
011038515
011044555
011044565
011044575
011044665
011044735
011044735
011044745
011044745
011044795
011044795
011044805
011044805
011044805
011044805
011044845
011044855
011044855
011044915
011044955
011065295
011065345
011065345
011065345
011065365
011066505
011068365
011077815
011077845
011078055
011078065
011078225
011106605
011106775
011106795
011174735
011366155
011366155
011601045
011602595
011603065
011603065
011603065
011603155
011603155
011682735
011682765
011682765
011682765
011682765
011682815
011682845
011682885
011682885
011682885
011682905
011683155
011683185
011683875
011683875
011683875
011684095
011684095
011742045
011742045
011742045
011742055
011742075
011742085
011742185
011742195
011742205
011742205
011742225
011742285
011742285
011742335
011742395
011742425
011742425
011742485
011742585
011742595
011742595
011742615
011742655
011742655
011742655
011742655
011742685
011742705
011742715
011742825
011759445
011759465
011764385
011764385
011764385
011769805
011784905
011784905
012027105
012027135
012027135
012027155
012027185
012027215
012027215
012029895
012029935
012030295
012030545
012056005
012056085
012056585
012102235
012113615
012167075
012167215
012167385
012167385
012169405
012241505
012271775
012271775
012952335
012952385
012952425
012952425
012952475
012952515
012955925
012956605
013055845
013055875
013055945
013055965
013055965
013056015
013056015
013056065
013056085
013056095
013056105
013056165
013056265
013056305
013056305
013056325
013056325
013133855
013133885
013133955
013134005
013134055
013134105
013134105
013134115
013134155
013134155
013134175
013134175
013134195
013134195
013134205
013134325
013134365
013134375
013134415
013134435
013134435
013134435
013134515
013134515
013134535
013134535
013134535
013134625
013134625
013134635
013134715
013134735
013134775
013134775
013134815
013134835
013134855
013134865
013134875
013134935
013134965
013134975
013135015
013135015
013135045
013135065
013135065
013135085
013135085
013135215
013135225
013135225
013135285
013135305
013135305
013135335
013135335
013135335
013138485
013168295
013168295
013169065
013169115
013169765
013169775
013169775
013169875
013170165
013170325
013170325
013170385
013170425
013170455
013170505
013170505
013170565
013170565
013170595
013170595
013170595
013170625
013170645
013180385
013180385
013180385
013180385
013180385
013180385
013180385
013180385
013180385
013180385
013180385
013180385
013180385
013180385
013180385
013180445
013180445
013180445
013180445
013180445
013180445
013180445
013180445
013180445
013180445
013180445
013180445
013180445
013180445
013180445
013180465
013180465
013180465
013180465
013180465
013180465
013180465
013180465
013180465
013180465
013180465
013180465
013180465
013180465
013180465
013180515
013180515
013180515
013180515
013180515
013180515
013180515
013180515
013180515
013180515
013180515
013180515
013180515
013180515
013180515
013180525
013180525
013180525
013180525
013180525
013180525
013180525
013180525
013180525
013180525
013180525
013180525
013180525
013180525
013180525
013187315
013187345
013187415
013187465
013187475
013187475
013187525
013187565
013187625
013187625
013187625
013187635
013187635
013187705
013282295
013282295
013282295
013305305
013305325
013348885
013348885
013348945
013348965
013348985
013349005
013349045
013349065
013372785
013372785
013372785
013376555
013376595
013378155
013378155
013378255
013378295
013389225
013392195
013395175
013401605
013401615
013401615
013407685
013407715
013407965
013408625
013408755
013413815
013415495
013416055
013416055
013416055
013416105
013416125
013421105
013421105
013421105
013421315
013421315
013450305
013450355
013450375
013450385
013450385
013450405
013450405
013450455
013450455
013450455
013450475
013450475
013602555
013602615
013602715
013602805
013602855
013602885
013603085
013603185
013603185
013603265
013603745
013603755
013603925
013603925
013604045
013604195
013604345
013604425
013604525
013604615
013604755
013604785
013604815
013604815
013604855
013605115
013605115
013611495
013623365
013623415
013623415
013625365
013625365
013694425
013694425
013706045
013707355
013707355
013708685
013730675
013731735
013734035
013735895
013737695
013745295
013745295
013783245
013791265
013792545
013796245
013796245
013796485
013805705
013811445
013811445
013813035
013813035
013834745
013834745
013834745
013834745
013834745
013867375
013867375
013867375
013867375
013867375
013867375
013867375
013867375
013867375
013867375
013867375
013867375
013867375
013867375
014040875
014040875
014040905
014040985
014040985
014041005
014041095
014041095
014041105
014041105
014041125
014041195
014041195
014041225
014041275
014041275
014041295
014041295
014041335
014041345
014041385
014041405
014041405
014041435
014041435
014041455
014041465
014041465
014041575
014041595
014041645
014041655
014041675
014041695
014041735
014041735
014041785
014041795
014041795
014041795
014050205
014050205
014103065
014104305
014105245
014105655
014156395
014156455
014156485
014156485
014156485
014156485
014156495
014156515
014156595
014189495
014189495
014212245
014212275
014212295
014212325
014212325
014235425
014235445
014235445
014235465
014284075
014304835
014323585
014323625
014323625
014361115
014451175
014451175
014451185
014451185
014451185
014451275
014451315
014489775
014495765
014495785
014500785
014500815
014500815
014500815
014500865
014500865
014500865
014500865
014524525
014526165
014526175
014526215
014526215
014526235
014526265
014526265
014526265
014530455
014530465
014530465
014530475
014530475
014530485
014530485
014530485
014530595
014596045
014596045
014673295
014673415
014673415
014673415
014712525
014712525
014712645
014725755
014725775
014750625
014750625
014763075
014788765
014826045
014826045
014826045
014826045
014826045
014826045
014826045
014826045
014826045
014826045
014826045
014826045
014826045
014826045
014840245
014840315
014840325
014840325
014840325
014840325
014840395
014840415
014840415
014840495
014840505
014840505
014840505
014840535
014840635
014840645
014840655
014840655
014840695
014840775
014840775
014840775
014840795
014840955
014854815
014854815
014856185
014856205
014876795
014876815
014876815
014876895
014876905
014876905
014876905
014876915
014876915
014876995
014877015
014877025
014877025
014877105
014877115
014877125
014877135
014877215
014877265
014877295
014877315
014877315
014877325
014877325
014877365
014877395
014877435
014877615
014877615
014877625
014877635
014877635
014877695
014877755
014877795
014877845
014877935
014877935
014879995
014880005
014880005
014883955
014893355
014893365
014894805
014895605
014904025
014904025
014946935
014946935
014947005
014947005
014982705
014982705
015074925
015138775
015159775
015207945
015207945
015207995
015207995
015208015
015208875
015208905
015208905
015208905
015208905
015208935
015208965
015208965
015208965
015209025
015209025
015209025
015209155
015209155
015209245
015209285
015209285
015209295
015209345
015209355
015209405
015209425
015209425
015209435
015209435
015219805
015228705
015228715
015238655
015264215
015264225
015264275
015264295
015264315
015265845
015265905
015265905
015265935
015265935
015265945
015265985
015265985
015266045
015266045
015277915
015277915
015277935
015277935
015277955
015278095
015278095
015278095
015278095
015278295
015278295
015278375
015278395
015278395
015278395
015278455
015283665
015284665
015284665
015286225
015288205
015288605
015289545
015290985
015290985
015321405
015321405
015321445
015321455
015321465
015321515
015321545
015321575
015352935
015355835
015355915
015355935
015355935
015355975
015355975
015355995
015355995
015356355
015356365
015391365
015391385
015473085
015476645
015476645
015476755
015476795
015548235
015552465
015556725
015556725
015556725
015560125
015560125
015594555
015594905
015594905
015626665
015626745
015626745
015626795
015626875
015626875
015626885
015626945
015626985
015626985
015627045
015627065
015643615
015643685
015643685
015643705
015643805
015643895
015643895
015643995
015644095
015644675
015645335
015645745
015645805
015645815
015645885
015645885
015645885
015645905
015645905
015645935
015645965
015645965
015645965
015666405
015666445
015666485
015666615
015666635
015666685
015690055
015699985
015699985
015700025
015714665
015726755
015726755
015731585
015774895
015774895
015775275
015775275
015826235
015826265
015826265
015831405
015831405
015831425
015831445
015831445
015831465
015831465
015831465
015831505
015831545
015832035
015910145
015910165
015992265
015992265
015992285
015992285
015992305
015992345
015992345
015992385
015992425
015992425
015999275
015999275
015999275
015999285
015999285
015999625
016054805
016054825
016054825
016054895
016054895
016055295
016055305
016055445
016055495
016055495
016055575
016055575
016055655
016055655
016055885
016055995
016055995
016056105
016056105
016066025
016066295
016107385
016107405
016403065
016412005
016481465
016481465
016481505
016481505
016481695
016527055
016527155
016527155
016527465
016527465
016527535
016527535
016527865
016528165
016528515
016528515
016528825
016528825
016528895
016528895
016528895
016528945
016529515
016529745
016529745
016529745
016586495
016586495
016587075
016598795
016629585
016629585
016629585
016634465
016634465
016634505
016634525
016634545
016634675
016634705
016634725
016634745
016634825
016634845
016634845
016634875
016634915
016634965
016635005
016635215
016635215
016635255
016635285
016635355
016635425
016635435
016635435
016635435
016635465
016635485
016635495
016635495
016635525
016635675
016635805
016635825
016635885
016635925
016635925
016635985
016635995
016643135
016643135
016643155
016643155
016643175
016643275
016643285
016643325
016643325
016643375
016643415
016643445
016643585
016643595
016643595
016643615
016643725
016643745
016643745
016643845
016643905
016643905
016643955
016643975
016643975
016651515
016651545
016651595
016651655
016651675
016651765
016651775
016651815
016651815
016651835
016651895
016651915
016651915
016652005
016652035
016652065
016652115
016652125
016652155
016652175
016679905
016679905
016679935
016680095
016680155
016680155
016680165
016680165
016680165
016680195
016680195
016680195
016680335
016680365
016680365
016680415
016680485
016680545
016680655
016680715
016680745
016680755
016680795
016680835
016680835
016680895
016680975
016694775
016694775
016734875
016735035
016735105
016757945
016757995
016758015
016758015
016758015
016761795
016761795
016761835
016761835
016761875
016761875
016761895
016761955
016761975
016761995
016762055
016762055
016762085
016762085
016762115
016762115
016762115
016762125
016762125
016762195
016762215
016762225
016762255
016762255
016762315
016762335
016762355
016762375
016762375
016762395
016762455
016762475
016762475
016762475
016762495
016762495
016762535
016762535
016762595
016762595
016762625
016762655
016762665
016762665
016772575
016772575
016772595
016800965
016801375
016803155
016803415
016804025
016805425
016805435
016805485
016805485
016805505
016805585
016805585
016805665
016805705
016805715
016805715
016805765
016805765
016807525
016807535
016807535
016807585
016807665
016807665
016810895
016810935
016810955
016810995
016810995
016810995
016811015
016836925
016836925
016836965
016837005
016837025
016859025
016860165
016860205
016864395
016878855
016878855
016878895
016879765
016879775
016879865
016879865
016879895
016881465
016881485
016881485
016881495
016881525
016881535
016881535
016881565
016881655
016888185
016888185
016903195
016903255
016903455
016903475
016903515
016903735
016903735
016903735
016903755
016903795
016903955
016904035
016904275
016905465
016905555
016905555
016905555
016905555
016905925
016916615
016916615
016916615
016916625
016916705
016924055
016925235
016925315
016925355
016925355
016925355
016925375
016939755
016939815
016939835
017084505
017086485
017086485
017086485
017161135
017161135
017161505
017161505
017277455
017287955
017291375
017291495
017291585
017291585
017291585
017291625
017291675
017291695
017291695
017291725
017291735
017291795
017291915
017291955
017291955
017292055
017292065
017292065
017292065
017309465
017310305
017310305
017310385
017310405
017311535
017311605
017311605
017311605
017311605
017311675
017311675
017311685
017311735
017311815
017311815
017311835
017311845
017311845
017311885
017311885
017311955
017311975
017311975
017341475
017341495
017341495
017351975
017351975
017357925
017377815
017581715
017581715
017581845
017581845
017581855
017581855
017581905
017584265
017584265
017592675
017592675
017639065
017655225
017655225
017655335
017742955
017743095
017743095
017809835
017811835
017811835
017814755
017814775
017814775
017814795
017814795
017815795
017846505
017846785
017894285
017894305
017894305
017897225
017898165
017898175
017898215
017916195
017916215
017921915
017921955
017921955
017921965
017922195
017922235
017922255
017922315
017922315
017922375
017922375
017922385
017922385
017922415
017922415
017922445
017939425
017942305
018066255
018066665
018066665
018068355
018068355
018068435
018068465
018068665
018068665
018068665
018068725
018068745
018068765
018069685
018075325
018107825
018107865
018107865
018107865
018107865
018107955
018107955
018108025
018108125
018108125
018108125
018108165
018108245
018108245
018108285
018108285
018108305
018108345
018108375
018108505
018108525
018108545
018108595
018108615
018108615
018108665
018108685
018108685
018108725
018108745
018108755
018108785
018108785
018108805
018108825
018108845
018108905
018108925
018108945
018108945
018108945
018108945
018108985
018108985
018109015
018109045
018109155
018109905
018128445
018128465
018128465
018136915
018136935
018136935
018136935
018136985
018136995
018137065
018137065
018137165
018137205
018137225
018137285
018137285
018137285
018137355
018137355
018137415
018137415
018137415
018137435
018137435
018137475
018137515
018137515
018137535
018137575
018137575
018137655
018137655
018137715
018137715
018138305
018138305
018138585
018138585
018138665
018140905
018142925
018142925
018142925
018156365
018271555
018271585
018271605
018271625
018271625
018271645
018271645
018274405
018274445
018274445
018274465
018274465
018274485
018274555
018274625
018274785
018274825
018274825
018274865
018274885
018274945
018274955
018274955
018275005
018275005
018275015
018275015
018275015
018275085
018275185
018275225
018275265
018275285
018275285
018275285
018275295
018279185
018279325
018283475
018283585
018314115
018314145
018314145
018314145
018314145
018314145
018314145
018314145
018314145
018314145
018314145
018314145
018314145
018314145
018314145
018314145
018314145
018336835
018350345
018350345
018350345
018350345
018350405
018350435
018350435
018359195
018359255
018359285
018359295
018359305
018359365
018359365
018359405
018359425
018359445
018359445
018359485
018359485
018359525
018359545
018359565
018359565
018359585
018359605
018359625
018359645
018359645
018359645
018383515
018383515
018383565
018383565
018383575
018383675
018383675
018394355
018409155
018409155
018409235
018409235
018409345
018423645
018423705
018423745
018423745
018423765
018423775
018423825
018423825
018423865
018423905
018449265
018449265
018449315
018449375
018458725
018487825
018487825
018502565
018583205
018583225
018583305
018583305
018583325
018598705
018598725
018598745
018598765
018598785
018598805
018598815
018598925
018604385
018604385
018682405
018682405
018682425
018682475
018682475
018682495
018682505
018682545
018789985
018789985
018790045
018790045
018790065
018790205
018790265
018790265
018790665
018790665
018790785
018790835
018790835
018790875
018790985
018790985
018790985
018790985
018861955
018907445
018907445
019038575
019049885
019049885
019049935
019083905
019093225
019093385
019093435
019093465
019093485
019093605
019093695
019093695
019096255
019096255
019096255
019096265
019096315
019096355
019096395
019096395
019104125
019107685
019134695
019134695
019149345
019149345
019149365
019165545
019165565
019165565
019165615
019165615
019165615
019165615
019165655
019165745
019165745
019165815
019165815
019165815
019165845
019165865
019165865
019165865
019165945
019165945
019165945
019165965
019165965
019166145
019218465
019218625
019219845
019219945
019249335
019249335
019249345
019249365
019249435
019249455
019249475
019249555
019249555
019249565
019249995
019284675
019285035
019285035
019285055
019285195
019285195
019285215
019285255
019285335
019285335
019285355
019285375
019285455
019285475
019331835
019331835
019331835
019331865
019331875
019331895
019331935
019331935
019331935
019331955
019331975
019334625
019336185
019336245
019336255
019336285
019336305
019336305
019336325
019336345
019336355
019391975
019391995
019392075
019392115
019392115
019392135
019392175
019392205
019401005
019401005
019401045
019401065
019401065
019401135
019401185
019401205
019401225
019401265
019401325
019401325
019401325
019401395
019401395
019401425
019401465
019401465
019401485
019401525
019401565
019401565
019401585
019401605
019401635
019401635
019401665
019401705
019401705
019401765
019401875
019401945
019401965
019401965
019401965
019402005
019402005
019402025
019402025
019426425
019426525
019426545
019426565
019428085
019428305
019428315
019428315
019428365
019428365
019428365
019428405
019428405
019430705
019430715
019430715
019430725
019430785
019430805
019431555
019431595
019431595
019431595
019433775
019433775
019433785
019433785
019433785
019433805
019433805
019433805
019433835
019433835
019433875
019433955
019434255
019434295
019434295
019443545
019443545
019443545
019443565
019443585
019444635
019444635
019445135
019445145
019445175
019445175
019445195
019445195
019445235
019445245
019445335
019445335
019445405
019445415
019445455
019445465
019445495
019445515
019445515
019445515
019445535
019445555
019445565
019445595
019445595
019445655
019445655
019445675
019445695
019445715
019454345
019455345
019455345
019483345
019660125
019660125
019660275
019660605
019660605
019660885
019661105
019677465
019677465
019677485
019677845
019677845
019677845
019677895
019677895
019677935
019678005
019678005
019678145
019678215
019678225
019678225
019678225
019678355
019678455
019678475
019678555
019678575
019678575
019678815
019678815
019678935
019679005
019679015
019679015
019679015
019679075
019679115
019679115
019679185
019679205
019679235
019679275
019679335
019683955
019683955
019683955
019702965
019702965
019702985
019702985
019702985
019703025
019703025
019703045
019703065
019703065
019703085
019703085
019703145
019703165
019703185
019703185
019703185
019703185
019703205
019711675
019730735
019730735
019730735
019731415
019731415
019731565
019731565
019731895
019731895
019731895
019732495
019732495
019732505
019732505
019732505
019732515
019732555
019732565
019732565
019732565
019732565
019732565
019740935
019740935
019771915
019771915
019771915
019771915
019771985
019771985
019771985
019771985
019775735
019775735
019775735
019781085
019781085
019781185
019781185
019787445
019793595
019793595
019793595
019793835
019793835
019793835
019793835
019793835
019794255
019794915
019794915
019794935
019794935
019794935
019794935
019794975
019794975
019794975
019794995
019795005
019795005
019795035
019795035
019795035
019795035
019795075
019795075
019795075
019796015
019796015
019796015
019796065
019796065
019796085
019796085
019796085
019797605
019797605
019797985
019797985
019797985
019797985
019798005
019798005
019798005
019798005
019798005
019798025
019798025
019798025
019798025
019798025
019798185
019798185
019798185
019798185
019800165
019800165
019800165
019800205
019800225
019800225
019800485
019800495
019800495
019823765
019823765
019823765
019823785
019823785
019823785
019823805
019823805
019823835
019823835
019823835
019823855
019823855
019823855
019823875
019823875
019823895
019823895
019823915
019823915
019823915
019823915
019823935
019823935
019823955
019823955
019823955
019823955
019823955
019823955
019836285
019836285
019836355
019836355
019836355
019836355
019837365
019837365
019837365
019837365
019837365
019841845
019841845
019841845
019841845
019856575
019856575
019856575
019877505
019877505
019877505
019877525
019877525
019877535
019877535
019877535
019877535
019877565
019877565
019877565
019877565
019877565
019877585
019877585
019877595
019877595
019877625
019877635
019877635
019877635
019877655
019877655
019877655
019877805
019877825
019877825
019877845
019877845
019877845
019877845
019877855
019877855
019877925
019877925
019878025
019878025
019878025
019915305
019915305
019915305
019915305
019915305
019915305
019915305
019915305
019915305
019915305
019915305
019915305
019915305
019915305
019915305
019915325
019915325
019915325
019915325
019915325
019915325
019915325
019915325
019915325
019915325
019915325
019915325
019915325
019915325
019915325
019915325
019915345
019915345
019915345
019915345
019915345
019915345
019915345
019915345
019915345
019915345
019915345
019915345
019915345
019915345
019915345
019927265
019927265
019927265
019927265
019927265
019927285
019927285
019927305
019927315
019927315
019927315
019927315
019927315
019927315
019927325
019927325
019927325
019927325
019927325
019927325
019927345
019927345
019927385
019927385
019927385
019927405
019927405
019927425
019927435
019927435
019927435
019927465
019927465
019927465
019927465
019927465
019927465
019927465
019927485
019927485
019927485
019927505
019927525
019927525
019927525
019927525
019927535
019927535
019927535
019927535
019927535
019927535
019927565
019927565
019927585
019927585
019927585
019927585
019927585
019927605
019927605
019927625
019927625
019927655
019927655
019927685
019927685
019927685
019927705
019927705
019927705
019927725
019927725
019927725
019927745
019927765
019927765
019927785
019927785
019927785
019927785
019927805
019927805
019927805
019927825
019927825
019927825
019927845
019927845
019927845
019927845
019927885
019927885
019927885
019927885
019927905
019927905
019927905
019927925
019927925
019927925
019927945
019927965
019927985
019927985
019927985
019927985
019928005
019928005
019928005
019928005
019928025
019928025
019928025
019928025
019928045
019928045
019928045
019928065
019928065
019928075
019928075
019928075
019928075
019928075
019928075
019928105
019928105
019928115
019928115
019928115
019928115
019928145
019928145
019928145
019928145
019928145
019928165
019928165
019928185
019928185
019928185
019928185
019928205
019928205
019928205
019928215
019928215
019928245
019928245
019928245
019928265
019928265
019928285
019928285
019928285
019928285
019928305
019928305
019928305
019928305
019928345
019928365
019928365
019928365
019928365
019928365
019928385
019928385
019928385
019928395
019928395
019928405
019928405
019928405
019928405
019928445
019928445
019928465
019928465
019928465
019928485
019928485
019928485
019928505
019928505
019928525
019928525
019928525
019928545
019928545
019928545
019928565
019928565
019928565
019928585
019928585
019928585
019928585
019928595
019928595
019928595
019928595
019928595
019928625
019928625
019928625
019928625
019928625
019928625
019928625
019928625
019928625
019928625
019928625
019928625
019928625
019928625
019928625
019928625
019928625
019928625
019928625
019928625
019928625
019928625
019928625
019928625
019928625
019928625
019928625
019928625
019928625
019928625
019928635
019928635
019928635
019928635
019928635
019928635
019928665
019928665
019928665
019928685
019930055
019930055
019930085
019930085
019930085
019930085
019930085
019930125
019930125
019930125
019930125
019930125
019930145
019930145
019930145
019930145
019930165
019930165
019930165
019930165
019930175
019930175
019930175
019930175
019930185
019930185
019930185
019930225
019930225
019930225
019930225
019930245
019930245
019930245
019930265
019930285
019930305
019930305
019930305
019930305
019930305
019930325
019930325
019930325
019930325
019930345
019930345
019930345
019930345
019930355
019930355
019930355
019930355
019930355
019930385
019930385
019930385
019930385
019930405
019930405
019930405
019930405
019930405
019930425
019930425
019930425
019930425
019930425
019930445
019930445
019930445
019930465
019930465
019930485
019930485
019930485
019930485
019930485
019930505
019930505
019930505
019930505
019975195
019975195
019990745
019990745
019990765
019990765
019990765
019990775
019990775
019990775
019990775
019990825
019990825
020023465
020027005
020027035
020080125
020080145
020080145
020080145
020080145
020080145
020115495
020115495
020149785
020149875
020165875
020165875
020165895
020165895
020165895
020165895
020165955
020165955
020169035
020169055
020169055
020169055
020169095
020169095
020169115
020169115
020169115
020169115
020169125
020169125
020169125
020169125
020169155
020169155
020169175
020169195
020169215
020169255
020169255
020169255
020169295
020169295
020169315
020169315
020169315
020169315
020169315
020169315
020172745
020177555
020177555
020177555
020177555
020177615
020177615
020177635
020177645
020177645
020177675
020177675
020177695
020177695
020177715
020177715
020177715
020177725
020177755
020177755
020177755
020177755
020177775
020177795
020177795
020177795
020177805
020177805
020177805
020177805
020177815
020177855
020177855
020177855
020177855
020177875
020177895
020177895
020177895
020177895
020177895
020177935
020177935
020177935
020177935
020177935
020177955
020177955
020177955
020177975
020177995
020177995
020177995
020178055
020178055
020178075
020178075
020178105
020178105
020178135
020178135
020178135
020178195
020178195
020178215
020178215
020178215
020178215
020178235
020178245
020178265
020178265
020178265
020178265
020178295
020178295
020178295
020178295
020178315
020178315
020178355
020178355
020178355
020178365
020178365
020178365
020178365
020178395
020178395
020178415
020178415
020178415
020178415
020178435
020178455
020178455
020178475
020178475
020178475
020178475
020178495
020178505
020178505
020178505
020178505
020178505
020178505
020178535
020178535
020178545
020178545
020178575
020178575
020178575
020178585
020178585
020178585
020178615
020178615
020178635
020178635
020178635
020178655
020178655
020178655
020178675
020178675
020178685
020178695
020178705
020178775
020178775
020178775
020178795
020178795
020178795
020178815
020178815
020178825
020178825
020178825
020178825
020178845
020178895
020178895
020178895
020178905
020178905
020178905
020178905
020178915
020178915
020178915
020178945
020178945
020178945
020221715
020221715
020221715
020221715
020251405
020251405
020251495
020251495
020251505
020251505
020251505
020251505
020251625
020251625
020251625
020251705
020251705
020251785
020251785
020341575
020341575
020405125
020405125
020405125
020405125
020405125
020405285
020405285
020405285
020406995
020407015
020407015
020407015
020407015
020407015
020407035
020407035
020407035
020407035
020407035
020407045
020407045
020407045
020407065
020410725
020410725
020410725
020459305
020496635
020496635
020496675
020496675
020496675
020496675
020515055
020515055
020515055
020515055
020515075
020515075
020515095
020520185
020520185
020520185
020520185
020520225
020520225
020520225
020522065
020522065
020522065
020522065
020525485
020525485
020525485
020525485
020525485
020525505
020525505
020525505
020525505
020525505
020525845
020525845
020525845
020525865
020525865
020525905
020525905
020525945
020525945
020525945
020525965
020525965
020525965
020525985
020525985
020525985
020526025
020526025
020526025
020526045
020526045
020526045
020526045
020526065
020526065
020526065
020526065
020535145
020535145
020535145
020535145
020535145
020544485
020544485
020544485
020544485
020544485
020544485
020552715
020552715
020552715
020552715
020552715
020552755
020564865
020576555
020576575
020576585
020576585
020576615
020576615
020576635
020576635
020576655
020576655
020576715
020576715
020576715
020576715
020576735
020576735
020576755
020576755
020576755
020576775
020576775
020576795
020576795
020576815
020576835
020576835
020576875
020576875
020576875
020576895
020576895
020576915
020576915
020576915
020576935
020576935
020576935
020576935
020576935
020576945
020576945
020577015
020577015
020577015
020577055
020577055
020577065
020577075
020577105
020577105
020577105
020577105
020577135
020577155
020577195
020577215
020577215
020577255
020577305
020577305
020577315
020577315
020577315
020577315
020577325
020577325
020577325
020577375
020577395
020577395
020577395
020577395
020577405
020577405
020577405
020577425
020577425
020577575
020577615
020577615
020577625
020577625
020577675
020577675
020577695
020577715
020577735
020577735
020577815
020578685
020578685
020578755
020578755
020578755
020578775
020578775
020578775
020578815
020578895
020578895
020578895
020578915
020578915
020578915
020578945
020578985
020578985
020578985
020579005
020579005
020579035
020579035
020579035
020579045
020579055
020579055
020579055
020579195
020579195
020579205
020579255
020579285
020579285
020579335
020579335
020579335
020579335
020579375
020579375
020579375
020579375
020579395
020579395
020579405
020579405
020579435
020579435
020579435
020579475
020579475
020579475
020579475
020579485
020579515
020579535
020579535
020579535
020579575
020579575
020579575
020579575
020579615
020579615
020579615
020579625
020579625
020579625
020579625
020579695
020579695
020579725
020579725
020579745
020579745
020579745
020579755
020579755
020579795
020579795
020579795
020579795
020589615
020589615
020589635
020589645
020589755
020589755
020589755
020589755
020589795
020589795
020589795
020589795
020589795
020589815
020589815
020589815
020589835
020589895
020591915
020591915
020591975
020591975
020591975
020591985
020591985
020591985
020591985
020592075
020592075
020592085
020592085
020592085
020592085
020592125
020592125
020592155
020592155
020592155
020592215
020592215
020592215
020592335
020615425
020615495
020615495
020615575
020615575
020615575
020615575
020615575
020615575
020615575
020615575
020615655
020615655
020615655
020615675
020641015
020662145
020662145
020662175
020662175
020662175
020662175
020662175
020662175
020684845
020684845
020684845
020684845
020684845
020684865
020684865
020695545
020695545
020695665
020695665
020695665
020709905
020709905
020709905
020709905
020731345
020731345
020736285
020736285
020736285
020736285
020805385
020805385
020805385
020805385
020805385
020805425
020805425
020805425
020805425
020805445
020805445
020805445
020805475
020805475
020805505
020805515
020805515
020805545
020805545
020805545
020805545
020805545
020805575
020805575
020805605
020805645
020805645
020805645
020805645
020805665
020805665
020805665
020805685
020805685
020805705
020805705
020805725
020805725
020805725
020805725
020805755
020806085
020806085
020808985
020808985
020808985
020808985
020829825
020829845
020829885
020829895
020829925
020829925
020829975
020830005
020830015
020830115
020830205
020830205
020830205
020858005
020858005
020858005
020858195
020858195
020858195
020858195
020858195
020858215
020858215
020858215
020858275
020858315
020858315
020858315
020858315
020858325
020858325
020858325
020858325
020858375
020858395
020858395
020858395
020858415
020858495
020858515
020858515
020858615
020858615
020858885
020858885
020858885
020858915
020858915
020859095
020859095
020859135
020859135
020859275
020859295
020859295
020859305
020859305
020859305
020889085
020889145
020889145
020889145
020889305
020889345
020906545
020911805
020982515
020982515
020982645
020982645
020990405
020990405
020990405
021011315
021012835
021012895
021012895
021012895
021012895
021012895
021020715
021020715
021020735
021020735
021020735
021020745
021020745
021020745
021020755
021020755
021020815
021020835
021020835
021020835
021020855
021020855
021020865
021020865
021020875
021020915
021020915
021020915
021020955
021020955
021020975
021020975
021020975
021020975
021021015
021021035
021021035
021021035
021021075
021021095
021021115
021021115
021021135
021021135
021021135
021021175
021021225
021021225
021021225
021021255
021021255
021135615
021135615
021135635
021135645
021135645
021135655
021135695
021135715
021135715
021135715
021135715
021135755
021135795
021135945
021135945
021135945
021135955
021135995
021136015
021136045
021136115
021136135
021136215
021136215
021136255
021136275
021136315
021136315
021136315
021136355
021136455
021136455
021136475
021136475
021136475
021136505
021136505
021136505
021136595
021136595
021136615
021136615
021136655
021136655
021136665
021136665
021136665
021136695
021136695
021136715
021136715
021136715
021136715
021136715
021136735
021136735
021136775
021136775
021136785
021136835
021136835
021136875
021136895
021136895
021136895
021136895
021136915
021136935
021136945
021136965
021136965
021136965
021137035
021137035
021137055
021137055
021137055
021137095
021137105
021137135
021137135
021137155
021137155
021137155
021137165
021137165
021137165
021137215
021137215
021137235
021137255
021137275
021137275
021137295
021137295
021137295
021137295
021137315
021137335
021137655
021137675
021137675
021137695
021137695
021137735
021137775
021137795
021137795
021137835
021137835
021137835
021137895
021137895
021137915
021137935
021166055
021166075
021166095
021166095
021166115
021166135
021166135
021166155
021166175
021166175
021166175
021166195
021166195
021166215
021166235
021172125
021172125
021191855
021191855
021191865
021191865
021191865
021191995
021191995
021192015
021192015
021192015
021192015
021192035
021192055
021192065
021192065
021192255
021192265
021192265
021192435
021192435
021206585
021206585
021206595
021206595
021206715
021206715
021206715
021206735
021206735
021206755
021206755
021206795
021206795
021213755
021213855
021213855
021213855
021213875
021213875
021213905
021213905
021213935
021213955
021228075
021228085
021228155
021228175
021228195
021228195
021229775
021229795
021229815
021229855
021229855
021229885
021229915
021229915
021229935
021229955
021229955
021229975
021229995
021249265
021249265
021277345
021277345
021278205
021311215
021344125
021344215
021344215
021344215
021344215
021395375
021395475
021395555
021395555
021395565
021395595
021395615
021395615
021395675
021395695
021395695
021395695
021395695
021395715
021395715
021395755
021395835
021395875
021395915
021395915
021397755
021398425
021398425
021414335
021414385
021414385
021414405
021414405
021414425
021414425
021414475
021414475
021414505
021414545
021414565
021414565
021414605
021414615
021414645
021414665
021414785
021414805
021414855
021414925
021414925
021414985
021414985
021415025
021415045
021415065
021415065
021415065
021415085
021415085
021415125
021415125
021415165
021415225
021415245
021415285
021415285
021415325
021415365
021415365
021415405
021415405
021415425
021415425
021415475
021415505
021415565
021415575
021415635
021415705
021415735
021415775
021415775
021415825
021415825
021415905
021415945
021415975
021416015
021416035
021416085
021416085
021416085
021431985
021431985
021432005
021432105
021440485
021442045
021442045
021442065
021460155
021460435
021460985
021461005
021461305
021461325
021464465
021464465
021474775
021474785
021494045
021494045
021494045
021494065
021494145
021494165
021494245
021494285
021494285
021494345
021494405
021496095
021497485
021498005
021502945
021502945
021503035
021503115
021503675
021503755
021503755
021503795
021530335
021530505
021530545
021530755
021530875
021530885
021530885
021530935
021530935
021532295
021532325
021532355
021532675
021532695
021532775
021535105
021560095
021568735
021655415
021655415
021655435
021655475
021655495
021655515
021726595
021726625
021726625
021726635
021726675
021726675
021726695
021726695
021726705
021726735
021726795
021726815
021726835
021726835
021726875
021726895
021726935
021726935
021726935
021726935
021726955
021726955
021726965
021726995
021727035
021727055
021727055
021727095
021727125
021727215
021727215
021727285
021727285
021727295
021727335
021727335
021727335
021727355
021727375
021727455
021727555
021727555
021727555
021727615
021727615
021727635
021727735
021727775
021727775
021727795
021727795
021727815
021727855
021727875
021727875
021727875
021727905
021727905
021727935
021727955
021727955
021729925
021735755
021735785
021735785
021768325
021768325
021768325
021892115
021892115
021899575
021899755
021950605
021950615
021950615
021950625
021950635
021950635
021950675
021950705
021950735
021950735
021950755
022014415
022014415
022014435
022028875
022028935
022028955
022029055
022029055
022029055
022029115
022029735
022029735
022029735
022213425
022227405
022227405
022227405
022227415
022227415
022227415
022227415
022227415
022227435
022227435
022227435
022227435
022227455
022227455
022227455
022227485
022227485
022227485
022227485
022227545
022227545
022227545
022227545
022227555
022227555
022227555
022228965
022228965
022228965
022228975
022228975
022228975
022229025
022229025
022229025
022229085
022229085
022229085
022229105
022229105
022229105
022229105
022229125
022229125
022229125
022229145
022229145
022229145
022229155
022229155
022229155
022229165
022229165
022229165
022229165
022320775
022320775
022320785
022320795
022324865
022324885
022324905
022324925
022325005
022325005
022325035
022325085
022325085
022325105
022341245
022341495
022341565
022341585
022341615
022341645
022341685
022341705
022341705
022341745
022341765
022341785
022341785
022341805
022341805
022341815
022341825
022341825
022341915
022353585
022353665
022353705
022353765
022353805
022353805
022354285
022354365
022354525
022354625
022359515
022359595
022359755
022369815
022369815
022369925
022369925
022370035
022370035
022370195
022392645
022392655
022392655
022392705
022392725
022392785
022393035
022401985
022402085
022402135
022402225
022402225
022402305
022402305
022402305
022402335
022402365
022402385
022402385
022406655
022406655
022406735
022406735
022408015
022408075
022408155
022408175
022408205
022408815
022408815
022408835
022408865
022408885
022408935
022408935
022408985
022408985
022421795
022421795
022421805
022421925
022421955
022421985
022422065
022422065
022422075
022422085
022422145
022423535
022423535
022423565
022423575
022423605
022423605
022423605
022426945
022426965
022426965
022426985
022427065
022427065
022453565
022479275
022479275
022479295
022479315
022492855
022492855
022492895
022494195
022494215
022494375
022501095
022501095
022501135
022501135
022501305
022511605
022511605
022511605
022511605
022533505
022533505
022533525
022533525
022533525
022539425
022539615
022539645
022539725
022539765
022539785
022550105
022550155
022550155
022550175
022550215
022550255
022551405
022551405
022553335
022553375
022553475
022553475
022553475
022553795
022553815
022553815
022554055
022554135
022554145
022554175
022554175
022554195
022554195
022554195
022554215
022554255
022554255
022554255
022554315
022554355
022554355
022554365
022554365
022554365
022554455
022554465
022554495
022554515
022554515
022554515
022554535
022554575
022554615
022554625
022554625
022554625
022554655
022554655
022554685
022554685
022554715
022554735
022554795
022554815
022554855
022554915
022554935
022554975
022555075
022555075
022555075
022555095
022555115
022555115
022555195
022555195
022555225
022555225
022555275
022555335
022555375
022555375
022555395
022555395
022555425
022555425
022555425
022555535
022555535
022555555
022555555
022558365
022558365
022559765
022568215
022568255
022570755
022577075
022585275
022585375
022585475
022585555
022585555
022585575
022585675
022585705
022585725
022585805
022585805
022585825
022585825
022585855
022585855
022585895
022585945
022585945
022586215
022586215
022586235
022586235
022586235
022586255
022586315
022586315
022586315
022586355
022586355
022592735
022662215
022664495
022664495
022664515
022664515
022696065
022696075
022696105
022699325
022701055
022701055
022748795
022748815
022748815
022748835
022748895
022748895
022748895
022748955
022749215
022749215
022749475
022759685
022759705
022759705
022759925
022759945
022759965
022759985
022760595
022760615
022760615
022760635
022760635
022760655
022760655
022760675
022760695
022760705
022760705
022788805
022788855
022788855
022788905
022788925
022788935
022788935
022788935
022788955
022789005
022789015
022789015
022789135
022789145
022789185
022789185
022789185
022789185
022789215
022789265
022789305
022789315
022789315
022789345
022789345
022789345
022789345
022789365
022789365
022789425
022789425
022789485
022789505
022789505
022789545
022789565
022789585
022789585
022789585
022789585
022789595
022789645
022789645
022789645
022789645
022789685
022789685
022789685
022789685
022789705
022789705
022789725
022789725
022789725
022789725
022789785
022789805
022789805
022789805
022789805
022789825
022789825
022789845
022789865
022789865
022789885
022789885
022789885
022789885
022789905
022789905
022789905
022789905
022789945
022789985
022789985
022789985
022789985
022790045
022790065
022790105
022790115
022790115
022790165
022790165
022790165
022790165
022790205
022790205
022790205
022790205
022790285
022790285
022790305
022790305
022790305
022790305
022790345
022790405
022790415
022790415
022790415
022790415
022790465
022790465
022790505
022790525
022790525
022808205
022808275
022808395
022808395
022808395
022809875
022818905
022818925
022818925
022818965
022818965
022828525
022828575
022848935
022848995
022849065
022849065
022849125
022870805
022870805
022964835
022964875
022968005
022968155
022968275
022968275
022968315
022968365
022968735
022968735
022982595
022982615
022982615
022982715
023003375
023003385
023003385
023003395
023003485
023003565
023003665
023003725
023003805
023003845
023003905
023003905
023006295
023013955
023059255
023059275
023059285
023059435
023059435
023059435
023059435
023060075
023060175
023060175
023060205
023060255
023060255
023060505
023061015
023061015
023061015
023061095
023062675
023062675
023062675
023062675
023062695
023062715
023062725
023062755
023062795
023062795
023062875
023062875
023062875
023062885
023062955
023062965
023062975
023063065
023063065
023063065
023093995
023130255
023130345
023146735
023146745
023146775
023146795
023146795
023146855
023146855
023146855
023146855
023146875
023146895
023146895
023146915
023146955
023146965
023146985
023147035
023147085
023156375
023156435
023156435
023156435
023159985
023159995
023159995
023160005
023160145
023160225
023160225
023160225
023160225
023160235
023160385
023160385
023160425
023160435
023160525
023160565
023160565
023160565
023160585
023160625
023160685
023160685
023160705
023160715
023160745
023160825
023160845
023160865
023160905
023160915
023160975
023161015
023161015
023161025
023161025
023161065
023161085
023161105
023161145
023161215
023161215
023161265
023161305
023161305
023161345
023161345
023161365
023161365
023161435
023161465
023161525
023161545
023161555
023161555
023184535
023184535
023221855
023221855
023241735
023241775
023241855
023241905
023242905
023243235
023243275
023243275
023270115
023273085
023273105
023273165
023273215
023273245
023273255
023273325
023274045
023274095
023274105
023274135
023274145
023274215
023274255
023274295
023274335
023274355
023274395
023274595
023274595
023274735
023274935
023274975
023275075
023275075
023275095
023275115
023275115
023275135
023275155
023275175
023275235
023275255
023275275
023275335
023275415
023275415
023275435
023275435
023275535
023275535
023275555
023275555
023275575
023275595
023275635
023275635
023275665
023275665
023275695
023275715
023275735
023275745
023275795
023275845
023275875
023276155
023276175
023276185
023276215
023276255
023276255
023276285
023291435
023337055
023347665
023347665
023347685
023369875
023369875
023369885
023369965
023369995
023370055
023370055
023373545
023373545
023374185
023374205
023374205
023374245
023374245
023472865
023518315
023518335
023518335
023518335
023544325
023544765
023544765
023545905
023545935
023545985
023545985
023546015
023546045
023546045
023554715
023554715
023554775
023554785
023572235
023572325
023572615
023572675
023572675
023572675
023573585
023573705
023573725
023573725
023573725
023573745
023573765
023573785
023612395
023612395
023612395
023612435
023647325
023650835
023656405
023656445
023656465
023656475
023656475
023657615
023657635
023657695
023657695
023657695
023657715
023657735
023657775
023657815
023657835
023657875
023658105
023658105
023658105
023658105
023658105
023658145
023658225
023658245
023658245
023660345
023660375
023660525
023660675
023660815
023660865
023660885
023660885
023660905
023660965
023661005
023667915
023700025
023700025
023700325
023700375
023700375
023700415
023700445
023700465
023700465
023700585
023700645
023700655
023700705
023703855
023703855
023703855
023703895
023703915
023703955
023715965
023715985
023715985
023715985
023734655
023734655
023734675
023756995
023756995
023757025
023757045
023757055
023757095
023757145
023757185
023757185
023757205
023757205
023757205
023757225
023757235
023757265
023757305
023757305
023757325
023757345
023757345
023757365
023757365
023757375
023757375
023757415
023757415
023757455
023757455
023757505
023757565
023806175
023806175
023893955
023893975
023893985
023893985
023894095
023894115
023894115
023894115
023913595
023913595
023920005
023920045
023920065
024007135
024007135
024007175
024007435
024007435
024081805
024124405
024136565
024136585
024136605
024136645
024136645
024136665
024136685
024136685
024136695
024136725
024136725
024136745
024136775
024136805
024136825
024136825
024136865
024136905
024138975
024159445
024159465
024159485
024159605
024159645
024159715
024159765
024159805
024159805
024159845
024159845
024159955
024159955
024159985
024160005
024160025
024160045
024178505
024178525
024178585
024178585
024178635
024178725
024178735
024178765
024178765
024178765
024178805
024197635
024197695
024197735
024197745
024197805
024197895
024197895
024197935
024197955
024197955
024197955
024197995
024198075
024198075
024198115
024198155
024198155
024198195
024198345
024198435
024198905
024198905
024199025
024199025
024199025
024223795
024226435
024226755
024226755
024238955
024243635
024260545
024260565
024260605
024260605
024260625
024260645
024268115
024268115
024268125
024268125
024294985
024294985
024295165
024295165
024295165
024295185
024295185
024296465
024296465
024296595
024299245
024346655
024346695
024346815
024346855
024346855
024346855
024346855
024349345
024349345
024349395
024349425
024349445
024349465
024349485
024351445
024355425
024355435
024355435
024355445
024355455
024355455
024355815
024355815
024355835
024355835
024355875
024356025
024356025
024356035
024356035
024356105
024356105
024356125
024356195
024356265
024356265
024356265
024356275
024356295
024356345
024356345
024356345
024356345
024356385
024356405
024356405
024356425
024356485
024356485
024356485
024356525
024356565
024356565
024356625
024356635
024356685
024356705
024356725
024356765
024356815
024356815
024356845
024356855
024356925
024356925
024357025
024357065
024357065
024357115
024357155
024357205
024357245
024357245
024357275
024357275
024357285
024357345
024357365
024357605
024357605
024357645
024357645
024359285
024359365
024359365
024359365
024359385
024359405
024359405
024359445
024359465
024359485
024359585
024359585
024359605
024359605
024359605
024359625
024359645
024359745
024361705
024361705
024366595
024366595
024366655
024366655
024366695
024366715
024397375
024397375
024433855
024433855
024433975
024433995
024434455
024434465
024434615
024434625
024434635
024434875
024434895
024434895
024434895
024434935
024434955
024435035
024435115
024435295
024435345
024436475
024436475
024436495
024436535
024436605
024436675
024436675
024494945
024495515
024496145
024496165
024498895
024516295
024516355
024516355
024516375
024516395
024516425
024516445
024516445
024516535
024516535
024516535
024516565
024516605
024516645
024516665
024516705
024516705
024516725
024516765
024516765
024516825
024516825
024516845
024516845
024516865
024516865
024516945
024516945
024516945
024517005
024517005
024517015
024517065
024517085
024517085
024517165
024517165
024517205
024517225
024517245
024517285
024517305
024517305
024517325
024517325
024517345
024517365
024517385
024517415
024517445
024517505
024517525
024517565
024517605
024517605
024517615
024517615
024517665
024517685
024517765
024517805
024517825
024517845
024517885
024517905
024517925
024517935
024517965
024517965
024518065
024518065
024518105
024518125
024520385
024520385
024520815
024520815
024534275
024534275
024542895
024542895
024579815
024579815
024579815
024580135
024580135
024580195
024580195
024580195
024580215
024580215
024580225
024580225
024582075
024582095
024582095
024582135
024582165
024582195
024582195
024582215
024582275
024582275
024582315
024582375
024582395
024582425
024582425
024582515
024582515
024582535
024582555
024582575
024582605
024583195
024583215
024583245
024583305
024583305
024583355
024583355
024583415
024583475
024583495
024583515
024583515
024583515
024583605
024583655
024583655
024583695
024583745
024583815
024583815
024583815
024583855
024583875
024584455
024584455
024585185
024585205
024586625
024586625
024586635
024586665
024586685
024586705
024586745
024586755
024586805
024586975
024586975
024586975
024586975
024606395
024606395
024606425
024606425
024609345
024609345
024609505
024609565
024614205
024614205
024614205
024637895
024637995
024637995
024652825
024656125
024656125
024656165
024665705
024665735
024665835
024665835
024665835
024666505
024677265
024677285
024677445
024677465
024677525
024677585
024677685
024700185
024700185
024700205
024703255
024703275
024703285
024703295
024703375
024703385
024703395
024703435
024703455
024703455
024703455
024703485
024703505
024703535
024703635
024705635
024706385
024706385
024706485
024706485
024706505
024706665
024706805
024706805
024706835
024721055
024730825
024730945
024730945
024734055
024734135
024734135
024734195
024734215
024734755
024734755
024734755
024734755
024734755
024734755
024734755
024734755
024734755
024734755
024734755
024734755
024734755
024734755
024734755
024734755
024742235
024742235
024750555
024750575
024750575
024750575
024752115
024752145
024752255
024752255
024756435
024756485
024756485
024756505
024756525
024756525
024756575
024756575
024756575
024756605
024756605
024756625
024756665
024756725
024756725
024756745
024756765
024756785
024756785
024756825
024756865
024756865
024756885
024756885
024756945
024756945
024756965
024756985
024756985
024757015
024757045
024757125
024757185
024757205
024757265
024757295
024757335
024757365
024757385
024757385
024757405
024757405
024757405
024757405
024757425
024757455
024757485
024757505
024757525
024757545
024757555
024757585
024757585
024757585
024757625
024757665
024757705
024757715
024757745
024757785
024757785
024757785
024757795
024758605
024758605
024762135
024813445
024813445
024813455
024813455
024813455
024813465
024813465
024813535
024813555
024813555
024813555
024813555
024813565
024813565
024813675
024813735
024813735
024813755
024813755
024813765
024813785
024813785
024813875
024813875
024813875
024814275
024814275
024917025
024917025
024917055
024917055
024917075
024917075
024917255
024917255
024917255
024917415
024917415
024917435
024917435
024917495
024917495
024917495
024917515
024917555
024917595
024917595
024917755
024917835
024917855
024917875
024917935
024917935
024918055
024918055
024918055
024918055
024918075
024918095
024918315
024918315
024918315
024918315
024918435
024918435
024918435
024918435
024918455
024918475
024918835
024918835
024918835
024918835
024918855
024918855
024998075
024998125
024998125
024998125
024998145
024998165
024998205
024998205
024998205
024998215
024998245
024998245
024998255
024998275
024998305
024998345
024998355
024998355
024998385
024998425
024998425
024998445
024998445
024998475
024998475
024998505
024998505
024998515
024998515
024998585
025000445
025060835
025060855
025060935
025060935
025060935
025061005
025061695
025061755
025061755
025061755
025061755
025062435
025118435
025118435
025118455
025118455
025143185
025143185
025144525
025146625
025146625
025146765
025146765
025146765
025146805
025146805
025146845
025146845
025146845
025146845
025146845
025152765
025152765
025152765
025152825
025152835
025152865
025152985
025153205
025153205
025153425
025153425
025153425
025153545
025153545
025154115
025154115
025154115
025156555
025156555
025156555
025156655
025175775
025175775
025175775
025176665
025176665
025176665
025176705
025176705
025182905
025182905
025182905
025182925
025182925
025182925
025182925
025182965
025182965
025182965
025183115
025183115
025183115
025183125
025183295
025183445
025183545
025183545
025183585
025183705
025183705
025183705
025195065
025195065
025195065
025200575
025200575
025200575
025200575
025200575
025200575
025200575
025200575
025200575
025200575
025200575
025200575
025200575
025200575
025218235
025232415
025244645
025252425
025252425
025252425
025258665
025259665
025259665
025259715
025259835
025259835
025259835
025259905
025259905
025259945
025259945
025259945
025260025
025260025
025260265
025260265
025260265
025260265
025260355
025367465
025367465
025367465
025367575
025367575
025377115
025377115
025377235
025377235
025377265
025377275
025377275
025377385
025377385
025377465
025377485
025377505
025377505
025377505
025377525
025377525
025377525
025377525
025377725
025377785
025377785
025377805
025377825
025377825
025377825
025392475
025392475
025392495
025392515
025392575
025392585
025392685
025392875
025395495
025395495
025397455
025397455
025397975
025398355
025398435
025398435
025398695
025398695
025399265
025399535
025420155
025420195
025420205
025420205
025420255
025420335
025420335
025420335
025446675
025446685
025446975
025446985
025446985
025447015
025490515
025490515
025515315
025531985
025531985
025531985
025532035
025547075
025547235
025547255
025548125
025548215
025548255
025548255
025548275
025548375
025548435
025548455
025572305
025572335
025572335
025572445
025572445
025572455
025572455
025572465
025572465
025572505
025572525
025572525
025572525
025572545
025572565
025572585
025572605
025582765
025582765
025582825
025582825
025582875
025583745
025583785
025583835
025583835
025583855
025583855
025628705
025628705
025628865
025628865
025630675
025656875
025656985
025657035
025657115
025657115
025657135
025657165
025657275
025657275
025657385
025673225
025673225
025674335
025677765
025697405
025697405
025697405
025699315
025699375
025699375
025734435
025734435
025754195
025754195
025754255
025754275
025754395
025754415
025754415
025754415
025754435
025754435
025754475
025754475
025754475
025754505
025754515
025754555
025754575
025754615
025754615
025754675
025754715
025754725
025754725
025754735
025754735
025754855
025754865
025754865
025754885
025754925
025754925
025754955
025754955
025754975
025754975
025755055
025755105
025755115
025755195
025755195
025755235
025762435
025762435
025762435
025762455
025762455
025762455
025762455
025762465
025762615
025762655
025762675
025770285
025818955
025819035
025819065
025819155
025819155
025819355
025837075
025868945
025868945
025868945
025881745
025881745
025881755
025881755
025881805
025881815
025881845
025884195
025884235
025908435
025908435
025908435
025917765
025917765
025917765
025920785
025943945
025946825
025946825
025946965
025946985
026000835
026005295
026013275
026013275
026016005
026113705
026114145
026114145
026128025
026128105
026128125
026128175
026128215
026128275
026128295
026128325
026128325
026128365
026128375
026128445
026128445
026128485
026128505
026128515
026128515
026128515
026128605
026128625
026128635
026128685
026128735
026128785
026128845
026133605
026133605
026133605
026133635
026133665
026133665
026133685
026133745
026133745
026133785
026133805
026133825
026133865
026133885
026133905
026133945
026153555
026153685
026153685
026153695
026153695
026153695
026153735
026153735
026153745
026153785
026153785
026153795
026153825
026153865
026153895
026153945
026154005
026154015
026154045
026154065
026154065
026154085
026154245
026155955
026155955
026155995
026155995
026156005
026156005
026156005
026156085
026156205
026156225
026156225
026156285
026156305
026156425
026156485
026156485
026156505
026156505
026156535
026161545
026161545
026161565
026161585
026161625
026161665
026161705
026161705
026161705
026161725
026161725
026161745
026161745
026161785
026161785
026161865
026161885
026161885
026161925
026161975
026162005
026162005
026162015
026162055
026162205
026162245
026162265
026162325
026162345
026162745
026162785
026162945
026162965
026162965
026163005
026163085
026163105
026163145
026163165
026163165
026163185
026163185
026163265
026163275
026163305
026163305
026163325
026163365
026163375
026163405
026163465
026163465
026163485
026163505
026163525
026163525
026163625
026163625
026163625
026163725
026163745
026163775
026163775
026163805
026163855
026163885
026163885
026163905
026163905
026163965
026163975
026164005
026164015
026164045
026164045
026164075
026164105
026164115
026164115
026164125
026164175
026164265
026164265
026164325
026167905
026191975
026191975
026192015
026192115
026192115
026192125
026192125
026192315
026192325
026192325
026197155
026197155
026197215
026197235
026197265
026197315
026197355
026197375
026197445
026197445
026197445
026197475
026197535
026197595
026197595
026197655
026197695
026197715
026197715
026197735
026197775
026197785
026197935
026197935
026197945
026197985
026197985
026198055
026198055
026198085
026198115
026198135
026198155
026198175
026198195
026198215
026198235
026198285
026198365
026198365
026198415
026198415
026198435
026198475
026198475
026198485
026198485
026198515
026198535
026198575
026198595
026198605
026198635
026198655
026198665
026198695
026198695
026198695
026198735
026198735
026198775
026198795
026198815
026198815
026198975
026198995
026199015
026199055
026199115
026199155
026199175
026222735
026222735
026222835
026222845
026222845
026222845
026222865
026222875
026222875
026222935
026222945
026222955
026222955
026223035
026223055
026223065
026223095
026223115
026223175
026223235
026223235
026223255
026223265
026223435
026223455
026223455
026223455
026223615
026223615
026223715
026223715
026223775
026223875
026229745
026229745
026229755
026229785
026229805
026229825
026235805
026235805
026235805
026235855
026235885
026235925
026235955
026236035
026236075
026236095
026236105
026236115
026236115
026236155
026240375
026240415
026240415
026240505
026240555
026240575
026262725
026262765
026262795
026274465
026274625
026274635
026274635
026274665
026274715
026274775
026274775
026274795
026274795
026274795
026410515
026410525
026410585
026410605
026410625
026410635
026410685
026410695
026410725
026410825
026427375
026586265
026586275
026586285
026586295
026586295
026586485
026586505
026586525
026586535
026586535
026614935
026614935
026614995
026614995
026614995
026615225
026615355
026615435
026615595
026615625
026615645
026615735
026619515
026619515
026619575
026619625
026620135
026623375
026623435
026623435
026623445
026623445
026623485
026623525
026623525
026623525
026623535
026623545
026623555
026623555
026623615
026623645
026623655
026623655
026623705
026623725
026623735
026623735
026623735
026623785
026623805
026623825
026623925
026623985
026624045
026624065
026624065
026624165
026624225
026624225
026624245
026624245
026624265
026624265
026624305
026624325
026624365
026625005
026626065
026626065
026626105
026626165
026626185
026626205
026626205
026626205
026626285
026626285
026651915
026651915
026702955
026703085
026703115
026703125
026703125
026703125
026703185
026703285
026712425
026712515
026712545
026821715
026847795
026891045
026891145
026891145
027087285
027087405
027087405
027087495
027087495
027087565
027087695
027087715
027087905
027087905
027110475
027151795
027151795
027151795
027151835
027151845
027151875
027151875
027151875
027151985
027152005
027152105
027152185
027152225
027152245
027152445
027257235
027298235
027360235
027414675
027414675
027414695
027414695
027414705
027414765
027414765
027460645
027460645
027495235
027558835
027570315
027584375
027584385
027584385
027584435
027584535
027584535
027584535
027584555
027584575
027584575
027584575
027584585
027584585
027584645
027584645
027584665
027584665
027584695
027584735
027585015
027585055
027585055
027585065
027585065
027585115
027585165
027585165
027595485
027595585
027595605
027595625
027595625
027595625
027595645
027595645
027595665
027595665
027595745
027622915
027622915
027658575
027658605
027658665
027658665
027658665
027660805
027660855
027672835
027672835
027672835
027672835
027673195
027673245
027674445
027678925
027679405
027681095
027687685
027687685
027690755
027690755
027723045
027723245
027853505
027856245
027856295
027856315
027856315
027885805
027885825
027885835
027885835
027885865
027885885
027885915
027885915
027885965
027885965
027891015
027891035
027891035
027913355
027919945
027919945
027919945
027919985
027920085
027942175
027942215
027980205
027980205
028067495
028067495
028210855
028219375
028219375
028219835
028219835
028219835
028219955
028220015
028220175
028220555
028220765
028220865
028220965
028220965
028220965
028220985
028221005
028221025
028221045
028221065
028221085
028221085
028221515
028221515
028221515
028221855
028221855
028222115
028222115
028222535
028222915
028223205
028223205
028223205
028223855
028224355
028224955
028225315
028225315
028225315
028225535
028225915
028226055
028226055
028226055
028226215
028226435
028226435
028321465
028321465
028321465
028323085
028323125
028323165
028323165
028364475
028526685
028526685
028526685
028527105
028527105
028527245
028527255
028527255
028527255
028527285
028527305
028527385
028527395
028527395
028527425
028527465
028554845
028554845
028555125
028580935
028580955
028580955
028580955
028580975
028580975
028581035
028581075
028581075
028581085
028581085
028581095
028581095
028581095
028581155
028581175
028581215
028581225
028581255
028581335
028581375
028581445
028581475
028581495
028581515
028581545
028622155
028622755
028622755
028626845
028626845
028654975
028654995
028655055
028655055
028655075
028655075
028655115
028655135
028655175
028655215
028655275
028655355
028655355
028655435
028655455
028655455
028655475
028655495
028655495
028655515
028655555
028655595
028655595
028655595
028655615
028655615
028655615
028656355
028656435
028656535
028656535
028656555
028681735
028681765
028681795
028681815
028681825
028681825
028681825
028681825
028681825
028681865
028681865
028681895
028681895
028681905
028681925
028681955
028681995
028683315
028753275
028825795
028825795
028825835
028825845
028825895
028825905
028825925
028825925
028831855
028831855
028863245
028863265
028863265
028863265
028863615
028863835
028863925
028867865
028867865
028867865
028872175
028872175
028883125
028883195
028883235
028883235
028883335
028883335
028883355
028883355
028883355
028883365
028883395
028883395
028883405
028883465
028883465
028883495
028883505
028883505
028891065
028891105
028894005
028894005
028894005
028894015
028894055
028894075
028894145
028894155
028894225
028894225
028894275
028894275
028894345
028894365
028894365
028894395
028894405
028894445
028894445
028894445
028894545
028894565
028894585
028894585
028894615
028894685
028894705
028894705
028894715
028894805
028894845
028894845
028894925
029025965
029025965
029026845
029026865
029075925
029075925
029075945
029075985
029075995
029076025
029076045
029076125
029076225
029076245
029076285
029076325
029076345
029077805
029077845
029077865
029077865
029077885
029077885
029077965
029077985
029077985
029078025
029078065
029078105
029078145
029078165
029078205
029078245
029078335
029078365
029078385
029078745
029078745
029078745
029078755
029078805
029078805
029078855
029078855
029078915
029078945
029078945
029078955
029079005
029079005
029079015
029079055
029079105
029079145
029079145
029079165
029079175
029079175
029079205
029079225
029079265
029079265
029079305
029079305
029079325
029079325
029079345
029079345
029079345
029079365
029079375
029079465
029079475
029079475
029079495
029079495
029079525
029079545
029079625
029079625
029079635
029079665
029079665
029079695
029079725
029079745
029079765
029079775
029079805
029079825
029079865
029079865
029079895
029079945
029079945
029079965
029079965
029079985
029080005
029080045
029080125
029080145
029080145
029082025
029082025
029082105
029082125
029082185
029082245
029082245
029082285
029082325
029082325
029082365
029082375
029087325
029087365
029087525
029087525
029087525
029087685
029087715
029087785
029087785
029109345
029109405
029109445
029109515
029109515
029109605
029109605
029109745
029109745
029109745
029111235
029119925
029123375
029123405
029123405
029123425
029167525
029193615
029194045
029201465
029201485
029203205
029222085
029222085
029222105
029222145
029222185
029222185
029222185
029222205
029222245
029222315
029222315
029223335
029223335
029223335
029223355
029291095
029291095
029291115
029291125
029291135
029291215
029291225
029291275
029291275
029291295
029291315
029291355
029291355
029291395
029291395
029291415
029291425
029291475
029291495
029291515
029291555
029291575
029291575
029291595
029291705
029370025
029427105
029427105
029427135
029427315
029427315
029427315
029433675
029433675
029433675
029433685
029433775
029433795
029433795
029433795
029457325
029457375
029478475
029521405
029521575
029521585
029521685
029521765
029522015
029522015
029522015
029522015
029522135
029523255
029523315
029523315
029523335
029523355
029523465
029523495
029523515
029523555
029523555
029523555
029523575
029523605
029523675
029523675
029523705
029523755
029523805
029523835
029523855
029523875
029523875
029523975
029523975
029523995
029523995
029523995
029524035
029524045
029525755
029525755
029525835
029525835
029525835
029525855
029525855
029525885
029525935
029525955
029526005
029526005
029526005
029526055
029526065
029526065
029526095
029526095
029526125
029526155
029526165
029526195
029526205
029526215
029526215
029526275
029526305
029526305
029526345
029526395
029526495
029526495
029526525
029526535
029526585
029526615
029526625
029526705
029526705
029526735
029541625
029541685
029541705
029541705
029541725
029541805
029541845
029541845
029541865
029541905
029541905
029542165
029542305
029542305
029581535
029581535
029601675
029601675
029602045
029602055
029602175
029602245
029602255
029602295
029602385
029602385
029602385
029623535
029623595
029624875
029624875
029624895
029624915
029624915
029624975
029625015
029663005
029663035
029663035
029663205
029663205
029663245
029663245
029663405
029663405
029663465
029663465
029663475
029663475
029663525
029663555
029663555
029664645
029677305
029677315
029688935
029715265
029715405
029717305
029718135
029718135
029721535
029721535
029773585
029773585
029814195
029814295
029814315
029814315
029814425
029814425
029814445
029814445
029814845
029835595
029837335
029841645
029841645
029841835
029842125
029846655
029853835
029853875
029853875
029853945
029853945
029889725
029889725
029904245
029904305
029904345
029904355
029904385
029904445
029904445
029912265
029914695
029914725
029914765
029914765
029914785
029914805
029914805
029914865
029914865
029914885
029914885
029914965
029914965
029914985
029915025
029915045
029915045
029915125
029915135
029915165
029915185
029915205
029915205
029915285
029915295
029915305
029915305
029915305
029915335
029915335
029915395
029915405
029915405
029915465
029915485
029915485
029915495
029915495
029915505
029915545
029915555
029915555
029915585
029915605
029915605
029915605
029915625
029915685
029915715
029915745
029915765
029915765
029915825
029915825
029915855
029915855
029915865
029915865
029915925
029915965
029916005
029916045
029916055
029916055
029916085
029916095
029916095
029916135
029916135
029916175
029916235
029916285
029916285
029916345
029916345
029916375
029916375
029916445
029916445
029916485
029916485
029916605
029916665
029916685
029916685
029916685
029916695
029953145
029953145
029955665
029955685
029955695
029955805
029955875
029955875
029955935
029955965
029955965
029956095
029956095
029956145
029956145
030007135
030007455
030011575
030015015
030016835
030020895
030024285
030024485
030024555
030024585
030024585
030024725
030024845
030024865
030026945
030026945
030026945
030026945
030026945
030026945
030026945
030026945
030026945
030026945
030026945
030026945
030034515
030035465
030035465
030035485
030035485
030052855
030052895
030052895
030052915
030052935
030052945
030053875
030061645
030061715
030061755
030061755
030061775
030061865
030061865
030067085
030067115
030067195
030067195
030067235
030067235
030067255
030067275
030067325
030067395
030067405
030067415
030067455
030067475
030067475
030067495
030067505
030067515
030075845
030075845
030075845
030124415
030124445
030124445
030124455
030124485
030124515
030124515
030124515
030124545
030124565
030124645
030124645
030124725
030125225
030125235
030125275
030125275
030125275
030125345
030125345
030125345
030127835
030127835
030127835
030127985
030128035
030128425
030128445
030128905
030128965
030128965
030128995
030128995
030135525
030135525
030135525
030135545
030135545
030135625
030135625
030135635
030135645
030135645
030135685
030135725
030135745
030135855
030135885
030135885
030135895
030135945
030135985
030136005
030136015
030136105
030137575
030140585
030140585
030140585
030140595
030140645
030140645
030140645
030140685
030140685
030140845
030140845
030143835
030162605
030162635
030162635
030162665
030162715
030162715
030162735
030162755
030162755
030162765
030162815
030162815
030162815
030162835
030162855
030162855
030162865
030162915
030163005
030164565
030164565
030164585
030164665
030164675
030164675
030164675
030164705
030168225
030169265
030169265
030176955
030176955
030178275
030178415
030178415
030178415
030182885
030183075
030183345
030183425
030183425
030183545
030183795
030184435
030184435
030184435
030185455
030185455
030185465
030185465
030186235
030186425
030186795
030186855
030186855
030186975
030189855
030189855
030190265
030190315
030190315
030190395
030190475
030190475
030190495
030190555
030190555
030190555
030192385
030192485
030192895
030193095
030194295
030194775
030194775
030194955
030195015
030195015
030195145
030195245
030195245
030195385
030195395
030195395
030195705
030195705
030195735
030195835
030195955
030196005
030196005
030196035
030196085
030196115
030196175
030196175
030196575
030211845
030212425
030213725
030213725
030213725
030213745
030214185
030214975
030215045
030215045
030215045
030215085
030215085
030215665
030217225
030217705
030218145
030224055
030224145
030224205
030224205
030224415
030224415
030224415
030225725
030234195
030234225
030234225
030234225
030234265
030234275
030234275
030234275
030234305
030234325
030234325
030234395
030234425
030234445
030234445
030234445
030234565
030234655
030235745
030235745
030236025
030236105
030236105
030236145
030236145
030236165
030236165
030237205
030237225
030237225
030237225
030238925
030239005
030239035
030239065
030239095
030239125
030239135
030239285
030239285
030248725
030248725
030250385
030250385
030250445
030250465
030250525
030250545
030250565
030271915
030271995
030272015
030272075
030272075
030282925
030282925
030282945
030282965
030283005
030283025
030283025
030283045
030283105
030283105
030283125
030283125
030283325
030283345
030283345
030283385
030283565
030284025
030286375
030286375
030286475
030286945
030286945
030286985
030286985
030287025
030287235
030287245
030287245
030291315
030291535
030291555
030291555
030292245
030292265
030292285
030292305
030292345
030294345
030295665
030323605
030323825
030337185
030337185
030337295
030359325
030359345
030359445
030359475
030359525
030359525
030359545
030359565
030359585
030359585
030359605
030359605
030359625
030359665
030359685
030359725
030359725
030359725
030359725
030359795
030359795
030359885
030359895
030359955
030360285
030360295
030360295
030360325
030360325
030360345
030360365
030360365
030360385
030360385
030360465
030360465
030360465
030360505
030360505
030360505
030360585
030360585
030360585
030360705
030363055
030363095
030363095
030363115
030363295
030363355
030363475
030363535
030363535
030363595
030363595
030363595
030363645
030363665
030363665
030363695
030363695
030363755
030363835
030364635
030364635
030364675
030364675
030364775
030364795
030364795
030369195
030370775
030372445
030372465
030372545
030372545
030372545
030372595
030372685
030379365
030379605
030380305
030380305
030380545
030381345
030381425
030381425
030381505
030381525
030381605
030381625
030381645
030381645
030381695
030381725
030381745
030381745
030381745
030381765
030381775
030381825
030382255
030382255
030382295
030382295
030382565
030382585
030382755
030382805
030382805
030382925
030383205
030383205
030385175
030385175
030385215
030385285
030385335
030385335
030385385
030385385
030397635
030397635
030406265
030406275
030406285
030406285
030406335
030406335
030406465
030406485
030406515
030410575
030410705
030410815
030410815
030434835
030435175
030435275
030435375
030435435
030435465
030464125
030480585
030480585
030480605
030480605
030486445
030489745
030489805
030489805
030489805
030489805
030489805
030489845
030489845
030489885
030489885
030489905
030489925
030489925
030489925
030489985
030490005
030490025
030490045
030490045
030490085
030490085
030490125
030490165
030490205
030490225
030490245
030490245
030490445
030490465
030490505
030490505
030490635
030490635
030490655
030490675
030490675
030499645
030499645
030499675
030499695
030499715
030499805
030499915
030499935
030499985
030500025
030500075
030500095
030500095
030500115
030500155
030500155
030500175
030500175
030500175
030504715
030517955
030517965
030518015
030518045
030518075
030519715
030519715
030519775
030519775
030520265
030520265
030534295
030542495
030542495
030542515
030542545
030542545
030542635
030542665
030542685
030542695
030542725
030542735
030542765
030542765
030542765
030542785
030542865
030542925
030542935
030544435
030544725
030544975
030544975
030551615
030551625
030551625
030551675
030551705
030551705
030551785
030551785
030551805
030551835
030551835
030551855
030551855
030551975
030551975
030551975
030552295
030552445
030552995
030553015
030587745
030587765
030587805
030587865
030587865
030644565
030649655
030649795
030651665
030662055
030662095
030662095
030674925
030674955
030675055
030675075
030675075
030675135
030675155
030675185
030675255
030675275
030675285
030675285
030675315
030675315
030675395
030675395
030675425
030675575
030675585
030675655
030675655
030675655
030675665
030675755
030675775
030675855
030675885
030675885
030675895
030675895
030676935
030676935
030676965
030677015
030677015
030677035
030677075
030677115
030677135
030677175
030677215
030677275
030677315
030677355
030677365
030677395
030677475
030677475
030677545
030677565
030677615
030677615
030677635
030677835
030677835
030677935
030677935
030678015
030678055
030678135
030678135
030678255
030678275
030678275
030678285
030678285
030678385
030678385
030678425
030678425
030678495
030678535
030678555
030678555
030678555
030678565
030678735
030678735
030678805
030685635
030704345
030711065
030711095
030711145
030711145
030711195
030711235
030711235
030715155
030715235
030715255
030715255
030715275
030715275
030715315
030715315
030715315
030715355
030715365
030715415
030715425
030715425
030715455
030715465
030715495
030715535
030715625
030715655
030715765
030715765
030715805
030715845
030716585
030716605
030717725
030769925
030770005
030845375
030845375
030845395
030845415
030845435
030845455
030845455
030845475
030845475
030845475
030845515
030845535
030845555
030845555
030845575
030845595
030845615
030845615
030845655
030845675
030845715
030845715
030845755
030845795
030845815
030845855
030845855
030845955
030852335
030863985
030866865
030866865
030928145
030928265
030929955
030930035
030930075
030930075
030930075
030930115
030930125
030930125
030930155
030930175
030930195
030930215
030930235
030930235
030930255
030930255
030930275
030930335
030930335
030945735
030945765
030971995
030971995
030971995
030972105
030972105
030972185
030972205
030972205
030972215
030972525
030972525
030972625
030972625
030972705
030972705
030972765
030972835
030972925
030972985
030973005
030973045
030973145
030973165
030973165
030973205
030973225
030973245
030973245
030973275
030973325
030973345
030973375
030973405
031020955
031312745
031312745
031317695
031317725
031317735
031317835
031317875
031317935
031317945
031317945
031317975
031318095
031318095
031318095
031318115
031318115
031318115
031318155
031318175
031318185
031318235
031318235
031318335
031318375
031318415
031318415
031318435
031318475
031318575
031318595
031318595
031318615
031318615
031318635
031318635
031318645
031318645
031318705
031318755
031318775
031318775
031318795
031318805
031318805
031318955
031326265
031326265
031326285
031357205
031432915
031432915
031462915
031463005
031570585
031570585
031570715
031570955
031571075
031571085
031571145
031571175
031571275
031571295
031571295
031571355
031571355
031624135
031624185
031624895
031624935
031624935
031624935
031624955
031624985
031626515
031626515
031626535
031626535
031626545
031626635
031626695
031626735
031626755
031628955
031632255
031632255
031632255
031632275
031632315
031632335
031632495
031632495
031632535
031632635
031632655
031632735
031676375
031732495
031775515
031775615
031847195
031847295
031885215
032144215
032144215
032144255
032144255
032144275
032144295
032144315
032144335
032144335
032144405
032144435
032144435
032144735
032144735
032144735
032251795
032252175
032253935
032334475
032334535
032334565
032334655
032334775
032334835
032334835
032334875
032334875
032335035
032335035
032335055
032335055
032335155
032335155
032335155
032343715
032343715
032343715
032460665
032460735
032460815
032460815
032460845
032460905
032460905
032461025
032461065
032461075
032461075
032461105
032461105
032461105
032461125
032461225
032461225
032461285
032461285
032461325
032461325
032461365
032461385
032461385
032461385
032461405
032461465
032461465
032461495
032461655
032461685
032461695
032461725
032461725
032461725
032461735
032461775
032461805
032461805
032461895
032461985
032461985
032461985
032462085
032462105
032462125
032462155
032462155
032462185
032462245
032462285
032462285
032462295
032462325
032462325
032462355
032462385
032462425
032462425
032463405
032463405
032463405
032463405
032463405
032463405
032463405
032463405
032463405
032463405
032463405
032463405
032463405
032463405
032463405
032463405
032463405
032463405
032463405
032463405
032463405
032463405
032463405
032463405
032463405
032463405
032463405
032463405
032469835
032469835
032469885
032469935
032469935
032469985
032469985
032469985
032583995
032583995
032583995
032646365
032656565
032656705
032656745
032657085
032657205
032657335
032657405
032657605
032657605
032657625
032657665
032657785
032657805
032657825
032657845
032657845
032657865
032657885
032657905
032657905
032657945
032658005
032658005
032669805
032669845
032671545
032671545
032671605
032671605
032671605
032671645
032681225
032740875
032740875
032740955
032741695
032742055
032742055
032742235
032742535
032742895
032742895
032742935
032742935
032743095
032743135
032743295
032743335
032743835
032743835
032744775
032744795
032744975
032745475
032746415
032746855
032746875
032747995
032748015
032748155
032759475
032759475
032759475
032816155
032827515
032827515
032829175
032841615
032841615
032841635
032842245
032842245
032842415
032842415
032842415
032842715
032842795
032842885
032842885
032873415
032873555
032873575
032873635
032873635
032873655
032878355
032878355
032878775
032907265
032907265
032911245
033030925
033030925
033031275
033031295
033031345
033031415
033031415
033031535
033031575
033031615
033031855
033031895
033031915
033032825
033032845
033032895
033032975
033033095
033033155
033033195
033033235
033033355
033033415
033033455
033033515
033033935
033033935
033034235
033034235
033034315
033034315
033034415
033193335
033193355
033193495
033193495
033193535
033193545
033193575
033193695
033193695
033193695
033193795
033193855
033193855
033193895
033193895
033193975
033194075
033194095
033194175
033194315
033194455
033194495
033194915
033194975
033194975
033195055
033195055
033195055
033195075
033195095
033238325
033242065
033243425
033244325
033245165
033252145
033256205
033257165
033273325
033273325
033335995
033336015
033336075
033336135
033336155
033336155
033336155
033336215
033336235
033336235
033336255
033336295
033336315
033336355
033336385
033336415
033336475
033336495
033336515
033336555
033336655
033336675
033336675
033336675
033336675
033336705
033336705
033336735
033336735
033336815
033336855
033336855
033336895
033336895
033336915
033336915
033336915
033336935
033336955
033336995
033337015
033337055
033337095
033337115
033337135
033337175
033337195
033337245
033337265
033340915
033342035
033342055
033342085
033425265
033425325
033425335
033433955
033434015
033434015
033434035
033434035
033434075
033434115
033434135
033446565
033446585
033446615
033446665
033484915
033484935
033484955
033484955
033486755
033486755
033486795
033486795
033486815
033486815
033540695
033540715
033540715
033540735
033540775
033540795
033540815
033540835
033540875
033540915
033540935
033540935
033540935
033540955
033540955
033540955
033540975
033540975
033540975
033540975
033540995
033541015
033541055
033541075
033541095
033541115
033541135
033541135
033541255
033541255
033541275
033541295
033541295
033541315
033541355
033541375
033541375
033541435
033541555
033541555
033541565
033541565
033541575
033541575
033541585
033541585
033541635
033541655
033541675
033541695
033541705
033541795
033541815
033541855
033541855
033541895
033541915
033541935
033541935
033541975
033542225
033542275
033542315
033542315
033542315
033542395
033542395
033542415
033542415
033542425
033542425
033542435
033542435
033542495
033542515
033542515
033542515
033547175
033547175
033547305
033547335
033547345
033547375
033547375
033547395
033547405
033547455
033547475
033547475
033547495
033547515
033547515
033547535
033547555
033547555
033547595
033547635
033547635
033547635
033547635
033547655
033547655
033547655
033547725
033547775
033547785
033547835
033547835
033547875
033547915
033547985
033547985
033548085
033548095
033548095
033548115
033549585
033549585
033549645
033549645
033549685
033549685
033549705
033549705
033549705
033549725
033549765
033549765
033549765
033563215
033564015
033798725
033802585
033865275
033875235
033875235
033875235
033898565
033898565
033898625
033898685
033898765
033898765
033898865
033898925
033898945
033901355
035618595
035621275
035779655
035779655
035779895
035783755
035783755
035785395
035785395
035785395
035785395
035786975
035793315
035830155
035830155
036348915
036688355
036759715
036759715
036858035
036863615
036863615
036863735
036864595
036864625
036881205
036881205
036881205
036882385
036889745
036889825
036889865
036889905
036889965
036889985
036889985
036889985
036890025
036890045
036890125
036890125
036890165
036904315
036907225
036908455
036908495
036908515
036908515
036908515
036908515
036908595
036908795
036908795
036908795
036908885
036908885
036908935
036908995
036908995
036909015
036909015
036909055
036912315
036912335
036912375
036912375
036912375
036912435
036912475
036912545
036912575
036912575
036912575
036912635
036912795
036912795
036912815
036912855
036912895
036913895
036913895
036913915
036913995
036937545
036937545
036937585
036937625
036937725
036937725
037004625
037005645
037005745
037005785
037005785
037005885
037005925
037005925
037005925
037005985
037005985
037005985
037005985
037006005
037030615
037030895
037030895
037030935
037030935
037031105
037031245
037075725
037075745
037075755
037076045
037076145
037082265
037083955
037083955
037084025
037094915
037095535
037095535
037132555
037132595
037137335
037164045
037165605
037167885
037172485
037627965
037627965
038435905
038442845
038442895
038442905
038442905
038442975
038443005
038443045
038443065
038443095
038443095
038443115
038443115
038443225
038443225
038443265
038443265
038443305
038443305
038443345
038443395
038443455
038443475
038443535
038443555
038443555
038443555
038443575
038443595
038443715
038443735
038443755
038443785
038443815
038443835
038443905
039638635
039649755
039649875
039649905
039650145
039650145
039650195
039674865
039674865
039681375
039681415
039681495
039681515
039681535
039681635
039681635
039681695
039681695
039681715
039681715
039681755
039681795
039719075
039719275
039731785
039737495
039748175
039822705
039832005
039938435
040011415
040011495
040011495
040011535
040011595
040011595
040011635
040011735
040012015
040012295
040015415
040015435
040015435
040015455
040017175
040117775
040117795
040117895
040117985
040117985
040118055
040118055
040118135
040118145
040118155
040118205
040118225
040118245
040118255
040118325
040118325
040118325
040118425
040118445
040120865
040120885
040121045
040137595
040138345
040151195
040151195
040203455
040270625
040270625
040270635
040270685
040270895
040270905
040271105
040271105
040271115
040271135
040271145
040271165
040271165
040271265
040271365
040271375
040271375
040271415
040271575
040271575
040271575
040271615
040280145
040280365
040325745
040325755
040325825
040325825
040328365
040328365
040328415
040328475
040328495
040328535
040328555
040328595
040328595
040328675
040328735
040328795
040328815
040328815
040329415
040363325
040363325
040364725
040364725
040365185
040366485
040369825
040369825
040369825
040372905
040407925
040408245
040408245
040422695
040422695
040422785
040422825
040422825
040422845
040422895
040422935
040422975
040422975
040426955
040426985
040430425
040430465
040430475
040430605
040430605
040430755
040493715
040493745
040493745
040493875
040493975
040704825
040715485
040715485
040715485
040715515
040715535
040715565
040715675
040715675
040715715
040715725
040715765
040715915
040716015
040716025
040716055
040716195
040716195
040716205
040716215
040716215
040721815
040721815
040741505
040741605
040741605
040741685
040741805
040742465
040742515
040742745
040742745
040742755
040742905
040742955
040742965
040751695
040757815
040757845
040757875
040757895
040757915
040757975
040757995
040757995
040757995
040758035
040758095
040785645
040785645
040785685
040785685
040785755
040785845
040785895
040790045
040790405
040794545
040794545
040794585
040794585
040794635
040794665
040794665
040794705
040794725
040794785
040794805
040794805
040794865
040795005
040795005
040795085
040795085
040795105
040795105
040795145
040795245
040795365
040795385
040795385
040795645
040795825
040795825
040795825
040796445
040796745
040796845
040796865
040796865
040796905
040796945
040796965
040796965
040796965
040797305
040838575
040838575
040838615
040838615
040838615
040838705
040838725
040838725
040838765
040919665
040919665
040919695
040933995
040948885
040948925
040981725
040981725
040981855
040981855
040981925
040981935
040981935
040981965
040981965
040981985
040982035
040982035
040982065
040982085
040982125
040982125
040982145
040982145
040982245
040982275
040982365
040982365
040982375
040982405
040982405
040982415
040982585
040982635
040982695
040982715
040982755
040982775
040982815
040982815
040982855
040982855
040982875
040982895
040982895
040982895
040982955
040982975
040983015
040983035
040983095
040984245
040984345
041008285
041008285
041020065
041020065
041020085
041020085
041023095
041043545
041043565
041043605
041043605
041051985
041052005
041052015
041052015
041052015
041052025
041052105
041052115
041052195
041052235
041052235
041052325
041052335
041052335
041052435
041052435
041052495
041052545
041052585
041052615
041052645
041052645
041052655
041052675
041052715
041052715
041052715
041052735
041052735
041052795
041052815
041052835
041052845
041052945
041052955
041053015
041061525
041061525
041061545
041061545
041061565
041061605
041061625
041061625
041061645
041061655
041061655
041061735
041061765
041076655
041076655
041076955
041077035
041077155
041077195
041077195
041077335
041077335
041077375
041077375
041077565
041077565
041077655
041077675
041077675
041077675
041077715
041077725
041077725
041077885
041077885
041079465
041090495
041095715
041106115
041106155
041106255
041106255
041107275
041197915
041197935
041197955
041198045
041198115
041198115
041198145
041198155
041198245
041198455
041198465
041198465
041198515
041198535
041200365
041200725
041200785
041200885
041201185
041201445
041202175
041202175
041202475
041202575
041202575
041202985
041202985
041203225
041203265
041203265
041203265
041203545
041203765
041203805
041203955
041203955
041204085
041204105
041204165
041204175
041204305
041204305
041204325
041204365
041204445
041204465
041204505
041204625
041204725
041204845
041205005
041205005
041205045
041205845
041206025
041206685
041206685
041320685
041320955
041320955
041345145
041345145
041345145
041345275
041345275
041345305
041345315
041345345
041345345
041345365
041345445
041345475
041345475
041345475
041345475
041345515
041345515
041345545
041345545
041345565
041345595
041345665
041345675
041345675
041345675
041345705
041345705
041345715
041345715
041345715
041345785
041345785
041345795
041345795
041345845
041345885
041345885
041345905
041345925
041345985
041345985
041346085
041346085
041346105
041346125
041346185
041346205
041346265
041346305
041346325
041346345
041346345
041346345
041346525
041346545
041346545
041346565
041346645
041346695
041346735
041346755
041346795
041346795
041346835
041346875
041352995
041352995
041353075
041353075
041353095
041353175
041353195
041353215
041353225
041353265
041353295
041353295
041353335
041353375
041353395
041354155
041357835
041358015
041358095
041358095
041361325
041385495
041385565
041385665
041385705
041385715
041385745
041385765
041385805
041385815
041385815
041385925
041385925
041385965
041386005
041386045
041386105
041386125
041386145
041386165
041386225
041386235
041386305
041386305
041386315
041388075
041388155
041388175
041388175
041388195
041388195
041388235
041388255
041388275
041388295
041388335
041388355
041388355
041388355
041388395
041388415
041388435
041388475
041388475
041388495
041388605
041388605
041388625
041388625
041388645
041388685
041388705
041388735
041388735
041388845
041388885
041388885
041388905
041388925
041388925
041447695
041447735
041447735
041447805
041447805
041447875
041448095
041448115
041448175
041448175
041448275
041448315
041448315
041448315
041448335
041448395
041448435
041448475
041448555
041448555
041448575
041448755
041448755
041448795
041448815
041448835
041448855
041448855
041448855
041534725
041538425
041538465
041538485
041538505
041538565
041538625
041679045
041679075
041679145
041679145
041679645
041679645
041679645
041679685
041679705
041679705
041679725
041679725
041699175
041699175
041699175
041726905
041729575
041729575
041806435
041806435
041806455
041806475
041806515
041806515
041806695
041806715
041806735
041806775
041806795
041806795
041806935
041806935
041806955
041807015
041807095
041807155
041807175
041807215
041807215
041807255
041807255
041807295
041807375
041807415
041807565
041807585
041807585
041807615
041807645
041807665
041807765
041825395
041825395
041860875
041860875
041860885
041860885
041860895
041860895
041860905
041860905
041860915
041860915
041860925
041860925
041860935
041860935
041860965
041860975
041860975
041860985
041860985
041860995
041860995
041861015
041861025
041861035
041861035
041861055
041861055
041861075
041861075
041861095
041861095
041861105
041861105
041861115
041861115
041861125
041861125
041861145
041861145
041861155
041861155
041861165
041861165
041861175
041861175
041861185
041861185
041861205
041861205
041861215
041861215
041861225
041861225
041861235
041861235
041861245
041861245
041861255
041861255
041861265
041861265
041861275
041861275
041861285
041861285
041861295
041861295
041861305
041861305
041861325
041861325
041861365
041861365
041862755
041862755
041877395
041877565
041877665
041877665
041894585
041900665
041902065
041902085
041929215
041929525
041929575
041929655
041929735
041929755
041929775
041947195
041947255
041947315
041947325
041947325
041947345
041947375
041949785
042136415
042160135
042219965
042320305
042465895
042465895
042607485
042607545
042607585
042607805
042686455
042686505
042686525
042686545
042686555
042687565
042687625
042687645
042687665
042687725
042687725
042687735
042687845
042687865
042687875
042687885
042687895
042687945
042688495
043084325
043084325
043109335
043203125
043203315
043203475
043203495
043203495
043203595
043203595
043203615
043203615
043203615
043203675
043258765
043258845
043258905
043359835
043359845
043359905
043359935
043360005
043360025
043360205
043360355
043360365
043360435
043360445
043421135
043421175
043421175
043421235
043497995
043562445
043562465
043562465
043562525
043562585
043562605
043562625
043562665
043562695
043562695
043562695
043562745
043562745
043562745
043562765
043562765
043562805
043562805
043562825
043562825
043562845
043562905
043562905
043562925
043563005
043563025
043563025
043563045
043563105
043563105
043563185
043563325
043563325
043563415
043563465
043563505
043563505
043563545
043563565
043563605
043563885
043563905
043564025
043564025
043564165
043564205
043564205
043564285
043564305
043564365
043564365
043564385
043564405
043564465
043564485
043564525
043564525
043564525
043564545
043564565
043564655
043564655
043564675
043564695
043564695
043564735
043564765
043564835
043564855
043564895
043564915
043564925
043564935
043564935
043564975
043592485
043677135
043677135
043677315
043677315
043677375
043677375
043677375
043677395
043677475
043677475
043677515
043677715
043677935
043827745
043827985
043828235
043828385
043828955
043828955
043829465
043829685
043829955
043830075
043830075
043830515
043830535
043830535
043830725
043832405
043832635
043832635
043832655
043832845
043833395
043833775
043834335
043834595
043834815
043834815
043835185
043835475
043835475
043835475
043835635
043835715
043848745
043848745
043853025
043855055
043855075
043857945
043857965
043857965
043857985
043858025
043858025
043858025
043858125
043858145
043861785
043861785
043861975
043861975
043861995
043862005
043862155
043862205
043862205
043862255
043862255
043862255
043862285
043862285
043862445
043862445
043862605
043862625
043862625
043862665
043862725
043862785
043862885
043862945
043862965
043862985
043862985
044070055
044070115
044070115
044070175
044070175
044070175
044070185
044070215
044070215
044070245
044070245
044070245
044070275
044070295
044070325
044070415
044128405
044128405
044128405
044128605
044128675
044128895
044128895
044133205
044133205
044133345
044142245
044142345
044142485
044142485
044142505
044142625
044142685
044142705
044142765
044142765
044325035
044325045
044325075
044325125
044325215
044325215
044325245
044325425
044325435
044325615
044327015
044327045
044327055
044343015
044343035
049381405
049381405
049381405
049381405
049381405
049381405
049381405
049381405
049381405
049381505
049381505
049381505
049381505
049381505
049381505
049381505
049381505
049381505
049383205
049383205
049383205
049383205
049383205
049383205
049383205
049383205
049383205
049383285
049383285
049383285
049383285
049383285
049383285
049383285
049383285
049383285
049383325
049383325
049383325
049383325
049383325
049383325
049383325
049383325
049383325
049383445
049383445
049383445
049383445
049383445
049383445
049383445
049383445
049383445
049383765
049383765
049383765
049383765
049383765
049383765
049383765
049383765
049383765
049383845
049383845
049383845
049383845
049383845
049383845
049383845
049383845
049383845
049383885
049383885
049383885
049383885
049383885
049383885
049383885
049383885
049383885
049383945
049383945
049383945
049383945
049383945
049383945
049383945
049383945
049383945
049538175
049538175
049538175
049538175
049538175
049538175
049538175
049538175
049538175
049538195
049538195
049538195
049538195
049538195
049538195
049538195
049538195
049538195
051414815
051414815
051414815
051414815
051414815
051414815
051414815
051414815
051414815
051414815
051414815
051414815
051414815
051414815
051414815
051414825
051414825
051414825
051414825
051414825
051414825
051414825
051414825
051414825
051414825
051414825
051414825
051414825
051414825
051414825
051414835
051414835
051414835
051414835
051414835
051414835
051414835
051414835
051414835
051414835
051414835
051414835
051414835
051414835
051414835
051549635
051549635
051549635
051549675
051549675
051549675
051549695
051549695
051549695
051549705
051549705
051549705
051549725
051549725
051549725
051549735
051549735
051549735
051549765
051549765
051549765
900006835
900006935
900007005
900007005
900079675
900079675
900084605
900084605
900084625
900085255
900085295
900085295
900085315
900085325
900085325
900085335
900085345
900085345
900085365
900085375
900085395
900085405
900085425
900085425
900085465
900085505
900085505
900085525
900085535
900085545
900085545
900085585
900085585
900085605
900085605
900085625
900085635
900085655
900085665
900085665
900085665
900085685
900085685
900085695
900085705
900085715
900085725
900085725
900086155
900086155
900086185
900086185
900086195
900086225
900086265
900086285
900086285
900086295
900086325
900086425
900086475
900086505
900086505
900086505
900086505
900086525
900086525
900087895
900087895
900092675
900092685
900092705
900092705
900092705
900092715
900092735
900092795
900092805
900092815
900092825
900092835
900092835
900092855
900092865
900092925
900092935
900092935
900092945
900092965
900092965
900092995
900093005
900093015
900093015
900093015
900093065
900093105
900093105
900093105
900093125
900093135
900093135
900093135
900093155
900093155
900093165
900093165
900093185
900093185
900093215
900093215
900093235
900093235
900093245
900093245
900093265
900093265
900093275
900093275
900093275
900093285
900093285
900093315
900093315
900093325
900093325
900093345
900093345
900093355
900093355
900093355
900093355
900093385
900093415
900093415
900093425
900093435
900093435
900093445
900093445
900093455
900093455
900093465
900093815
900093815
900093815
900171775
900171795
900171805
900171805
900171825
900171835
900171955
900171955
900172005
900172135
900172175
900172175
900172485
900172555
900172605
900172725
900172795
900172945
900172945
900172945
900173035
900173085
900173085
900173085
900173105
900173105
900173125
900173145
900173145
900173145
900173175
900173195
900173285
900173295
900173315
900173365
900173375
900173395
900173465
900173465
900173495
900451185
900451445
900451815
900451865
900451875
900451875
900451915
900452095
900452095
900465335
900465335
900465375
900465375
900474365
900474365
900474425
900492745
900492765
900492765
900492785
900492785
900492795
900492815
900492815
900492885
900492895
900492915
900492945
900492945
900492955
900492975
900492975
900492985
900492985
900493005
900493025
900493035
900493055
900493115
900493115
900493135
900493155
900493165
900493175
900493185
900493225
900493235
900493235
900493255
900493265
900493275
900493275
900493295
900493305
900493315
900493315
900493355
900493355
900493385
900493435
900493435
900493455
900493485
900493505
900493505
900493525
900493555
900493585
900493585
900493605
900493645
900493655
900493655
900493675
900493685
900493725
900493745
900493745
900493755
900493775
900493795
900493845
900493845
900493895
900493895
900493935
900493945
900493945
900493955
900493965
900493965
900493975
900493985
900493995
900493995
900494025
900494025
900494035
900494045
900494055
900494055
900494085
900494115
900494135
900494145
900494145
900494145
900494145
900494165
900494165
900494175
900494175
900494215
900494305
900494345
900494345
900494365
900494525
900494525
900494525
900494535
900494535
900494615
900494675
900494675
900494685
900494685
900494715
900494715
900494725
900494735
900496825
900496825
900496885
900496885
900496885
900496895
900496895
900496925
900497045
900497055
900497055
900498385
900498385
900498385
900498405
900498415
900498435
900498445
900498445
900498485
900498505
900498505
900498505
900498585
900498595
900498595
900498625
900498625
900498645
900498655
900498675
900498675
900498705
900498765
900498765
900498775
900498775
900498785
900498795
900498815
900498815
900498835
900498835
900498855
900498865
900498885
900498955
900498965
900498965
900498965
900498975
900498975
900500685
900500705
900500715
900500735
900500745
900500775
900500775
900500775
900500785
900500805
900500805
900500835
900500835
900500885
900500985
900500985
900500995
900501005
900501045
900501055
900501065
900501065
900501085
900501085
900501085
900501115
900501135
900501145
900501155
900501155
900501175
900501185
900501195
900501255
900501265
900501285
900501315
900501355
900501355
900501375
900501385
900501425
900501475
900501485
900501495
900501495
900501515
900501545
900501555
900501555
900501565
900501575
900501575
900501585
900501645
900501645
900501645
900501665
900501695
900501705
900501715
900501715
900501715
900501715
900501765
900501795
900501815
900501825
900501825
900501835
900501835
900501865
900501865
900501865
900501885
900501885
900501895
900501915
900501915
900501955
900501985
900501995
900501995
900502015
900502035
900502035
900502045
900502045
900502075
900502085
900502095
900502105
900502145
900502145
900502165
900502185
900502185
900502205
900502205
900502205
900502215
900502225
900502225
900502245
900502255
900502255
900502275
900502285
900502285
900502305
900502335
900502335
900502345
900502355
900502395
900502395
900502405
900502415
900502435
900502445
900502475
900502475
900502485
900502485
900502495
900502525
900502535
900502545
900502585
900502585
900502585
900502605
900502645
900502655
900502675
900502685
900502685
900502695
900502705
900502715
900502735
900502755
900502775
900502815
900502865
900502865
900502885
900502885
900502915
900502925
900502935
900502945
900502985
900503075
900503085
900503095
900503125
900503125
900503135
900503145
900503145
900503165
900503165
900503175
900503205
900503215
900503225
900503245
900503255
900503265
900503325
900503335
900503335
900503365
900503375
900503375
900503375
900503375
900503385
900503385
900503395
900503395
900503395
900503405
900503445
900503455
900503465
900503475
900503485
900503495
900503515
900503515
900503525
900503525
900503535
900503535
900503535
900503565
900503565
900503575
900503585
900503585
900503585
900503605
900503615
900503625
900503645
900503645
900503655
900503655
900503685
900503685
900503705
900503705
900503725
900503735
900503755
900503775
900503775
900503785
900503785
900503795
900503815
900503825
900503835
900503865
900503875
900503895
900503895
900503915
900503955
900503955
900503975
900504015
900504015
900504015
900504055
900504055
900504065
900504095
900504105
900504125
900504135
900504145
900504145
900504185
900504185
900504195
900504195
900504225
900504225
900504245
900504295
900504295
900504305
900504315
900504315
900504325
900504335
900504335
900504345
900504355
900504365
900504385
900504405
900504415
900504425
900504425
900504435
900504445
900504445
900504445
900504465
900504485
900504485
900504485
900504495
900504515
900504535
900504565
900504575
900504595
900504595
900504625
900504635
900504635
900504685
900504695
900504705
900504705
900504735
900504755
900504755
900504755
900504755
900504785
900504785
900504795
900504805
900504805
900504815
900504815
900504825
900504825
900504835
900504855
900504855
900504865
900504875
900504885
900504905
900504915
900504925
900504935
900504965
900504995
900505015
900505025
900505035
900505055
900505065
900505135
900505145
900505155
900505155
900505165
900505175
900505175
900505205
900505205
900505205
900505215
900505235
900505245
900505275
900505285
900505285
900505305
900505335
900505375
900505395
900505405
900505425
900505465
900505465
900505475
900505485
900505525
900505525
900505535
900505565
900505665
900505665
900505675
900505685
900505725
900505725
900505735
900505775
900505775
900505795
900505815
900505825
900505835
900505845
900505855
900505885
900505895
900505915
900505915
900505935
900505945
900505945
900505945
900505955
900505965
900505965
900505985
900505995
900506005
900506015
900506025
900506055
900506085
900506105
900506105
900506125
900506135
900506135
900506155
900506165
900506165
900506185
900506205
900506205
900506225
900506245
900506255
900506265
900506265
900506265
900506275
900506275
900506275
900506285
900506295
900506295
900506295
900506315
900506315
900506335
900506345
900506395
900506395
900506415
900506415
900506425
900506435
900506455
900506495
900506505
900506515
900506525
900506555
900506625
900506625
900506625
900506625
900506635
900506645
900506655
900506665
900506665
900506675
900506705
900506715
900506725
900506745
900506745
900506775
900506795
900506795
900506815
900506835
900506835
900506835
900506855
900506855
900506855
900506855
900506865
900506895
900506915
900506955
900506965
900506995
900507005
900507055
900507055
900507065
900507075
900507095
900507095
900507105
900507115
900507145
900507175
900507185
900507195
900507225
900507245
900507245
900507245
900507255
900507285
900507325
900507335
900507355
900507365
900507385
900507385
900507395
900507415
900507435
900507465
900507505
900507505
900507525
900507535
900507545
900507545
900507595
900507615
900507625
900507625
900507635
900507645
900507655
900507655
900507675
900507695
900507725
900507725
900507725
900507735
900507735
900507745
900507755
900507765
900507775
900507785
900507785
900507805
900507815
900507815
900507815
900507825
900507875
900507885
900507905
900507905
900507925
900507935
900507935
900507945
900507955
900507975
900507985
900507985
900507995
900508005
900508025
900508035
900508045
900508045
900508045
900508065
900508085
900508095
900508135
900508135
900508145
900508145
900508145
900508175
900508195
900508205
900508215
900508225
900508225
900508245
900508245
900508275
900508275
900508285
900508305
900508315
900508325
900508325
900508325
900508345
900508355
900508385
900508385
900508395
900508425
900508435
900508455
900508455
900508475
900508475
900508485
900508485
900508485
900508495
900508525
900508535
900508555
900508575
900508625
900508635
900508645
900508675
900508675
900508675
900508675
900508685
900508695
900508705
900508705
900508735
900508735
900508735
900508745
900508745
900508765
900508775
900508785
900508795
900508795
900508805
900508815
900508825
900508835
900508855
900508855
900508905
900508915
900508935
900509015
900509035
900509055
900509055
900509065
900509065
900509065
900509095
900509105
900509165
900509175
900509195
900509895
900509895
900509895
900509905
900509935
900509945
900509955
900509965
900509965
900510015
900510025
900510025
900510095
900510115
900510125
900510145
900510145
900510175
900510175
900510175
900510215
900510215
900510215
900510235
900510235
900510255
900510255
900510285
900510285
900510315
900510325
900510335
900510395
900510405
900510415
900510445
900510455
900510465
900510465
900510465
900510475
900510475
900510495
900510495
900510495
900510525
900510535
900510555
900510555
900510555
900510575
900510575
900510585
900510595
900510595
900510615
900510625
900510635
900510645
900510665
900510695
900510705
900510715
900510715
900510715
900510735
900510735
900510745
900510755
900510765
900510775
900510775
900510775
900510785
900510785
900510785
900510795
900510795
900510795
900510805
900510805
900510815
900510845
900510845
900510845
900510865
900510875
900510915
900510915
900510935
900510945
900510945
900510955
900510965
900510975
900510975
900510995
900510995
900510995
900511005
900511055
900511065
900511075
900511085
900511085
900511095
900511105
900511135
900511135
900511135
900511145
900511145
900511155
900511165
900511195
900511195
900511215
900511215
900511215
900511255
900511255
900511265
900511265
900511265
900511275
900511275
900511285
900511295
900511315
900511325
900511345
900511365
900511375
900511405
900511415
900511415
900511445
900511455
900511455
900511465
900511475
900511475
900511475
900511495
900511525
900511535
900511545
900511555
900511565
900511585
900511585
900511595
900511605
900511615
900511625
900511625
900511635
900511655
900511655
900511665
900511685
900511685
900511695
900511705
900511715
900511735
900511745
900511785
900511785
900511795
900511805
900511875
900512115
900512115
900512305
900512315
900512335
900512355
900512375
900512375
900512385
900512395
900512395
900512415
900512425
900512465
900512485
900512505
900512505
900512505
900512575
900512575
900512595
900512595
900512605
900512615
900512615
900512625
900512625
900512635
900512655
900512655
900512665
900512665
900512675
900512675
900512705
900512855
900512865
900512875
900512875
900512905
900512935
900512945
900512955
900512965
900513015
900513025
900513025
900513035
900513045
900513055
900513065
900513075
900513115
900513115
900513145
900513155
900513195
900513205
900513205
900513215
900513215
900513245
900513245
900513255
900513255
900513265
900513365
900513385
900513395
900513395
900513435
900513445
900513465
900513475
900513505
900513505
900513515
900513535
900513535
900513545
900513555
900513565
900513605
900513625
900513635
900513655
900513685
900513695
900513695
900513765
900513785
900513795
900513815
900513835
900513845
900513855
900513885
900513895
900513895
900513915
900513965
900514005
900514025
900514025
900514085
900514095
900514095
900514105
900514125
900514135
900514145
900514145
900514185
900514185
900514195
900514205
900514205
900514205
900514235
900514245
900514255
900514265
900514275
900514295
900514295
900514305
900514305
900514325
900514335
900514345
900514345
900514355
900514355
900514375
900514395
900514415
900514415
900514445
900514485
900514515
900514515
900514515
900514515
900514525
900514545
900514545
900514545
900514555
900514585
900514585
900514585
900514605
900514605
900514605
900514645
900514675
900514685
900514765
900514785
900514795
900514795
900514795
900514795
900514805
900514855
900514855
900514895
900514905
900514915
900514915
900514925
900514935
900514935
900514935
900514945
900515005
900515015
900515025
900515025
900515025
900515035
900515045
900515055
900515055
900515065
900515065
900515085
900515105
900515105
900515155
900515155
900515155
900515195
900515205
900515215
900515225
900515235
900515235
900515245
900515245
900515275
900515275
900515285
900515305
900515345
900515385
900515385
900515385
900515405
900515405
900515405
900515415
900515435
900515445
900515455
900515465
900515485
900515525
900515535
900515545
900515545
900515555
900515555
900515555
900515565
900515625
900515625
900515635
900515695
900515705
900515715
900515735
900515795
900515805
900515815
900515825
900515825
900515835
900515845
900515845
900515865
900515865
900515875
900515895
900515935
900515935
900515955
900515975
900516005
900516015
900516015
900516015
900516015
900516025
900516075
900516085
900516085
900516085
900516105
900516135
900516145
900516145
900516155
900516195
900516215
900516235
900516265
900516265
900516275
900516285
900516295
900516315
900516335
900516335
900516345
900516365
900516375
900516375
900516385
900516395
900516395
900516395
900516425
900516445
900516475
900516475
900516485
900516485
900516485
900516515
900516535
900516545
900516585
900516605
900516645
900516655
900516925
900516975
900517015
900517045
900517065
900517115
900517125
900517125
900517135
900517145
900517175
900517175
900517225
900517225
900517235
900517235
900517245
900517265
900517315
900517335
900517365
900517415
900517415
900517415
900517425
900517425
900517445
900517455
900517455
900517455
900517505
900517515
900517515
900517545
900517565
900517585
900517605
900517605
900517605
900517615
900517625
900517635
900517655
900517655
900517695
900517715
900517735
900517735
900517745
900517755
900517765
900517785
900517795
900517805
900517815
900517825
900517825
900517855
900607405
900607405
900607495
900607635
900607635
900607655
900607675
900607795
900607795
900607895
900607895
900607925
900607955
900608005
900608015
900608015
900608075
900608145
900608265
900608295
900608325
900608345
900608355
900608405
900608415
900608425
900608445
900608445
900608465
900608465
900608475
900622645
900774075
900774075
900774085
900774085
900774085
900774095
900774105
900774115
900774115
900774135
900774135
900774135
900774145
900774155
900774155
900774165
900774175
900774175
900774175
900774185
900774185
900774185
900774185
900774195
900774195
900774205
900774205
900774205
900774215
900774215
900774225
900774225
900774235
900774245
900774245
900774245
900774255
900774255
900774255
900774265
900774265
900774265
900774275
900774275
900774295
900774295
900774305
900774305
900774305
900774315
900774335
900774335
900774335
900774335
900774355
900774355
900774355
900774355
900774355
900774355
900774365
900774375
900774375
900774375
900774375
900774385
900774385
900774395
900774395
900774405
900774415
900774435
900774445
900774445
900774455
900774455
900774465
900774465
900774485
900774485
900774485
900774485
900774495
900774495
900774505
900774505
900774515
900774525
900774525
900774535
900774535
900774535
900774545
900774545
900774565
900774585
900774585
900774585
900774605
900774605
900774615
900774615
900774625
900774635
900774635
900774645
900774645
900774655
900774655
900774665
900774685
900774685
900774695
900774695
900774705
900774705
900774705
900774705
900774725
900774725
900774725
900774745
900774755
900774765
900774775
900774785
900774785
900774795
900774795
900774805
900774815
900774815
900774835
900774845
900774845
900774855
900774855
900774865
900774865
900774875
900774905
900774935
900774935
900774935
900774955
900774965
900774965
900774965
900774975
900774975
900774985
900774995
900774995
900775005
900775015
900775015
900775025
900775035
900775035
900775045
900775055
900775055
900775065
900775065
900775075
900775075
900775075
900775085
900775095
900775095
900775095
900775105
900775115
900775135
900775155
900775165
900775165
900775195
900775205
900775225
900775235
900775245
900775255
900775255
900775265
900775265
900775265
900775275
900775285
900775285
900775285
900775285
900775295
900775295
900775295
900775295
900775305
900775345
900775345
900775365
900775365
900775375
900775375
900775375
900775395
900775395
900775395
900775405
900775415
900775415
900775415
900775415
900775425
900775425
900775425
900775435
900775455
900775465
900775465
900775465
900775475
900775475
900775475
900775485
900775485
900775485
900775495
900775495
900775495
900775495
900775495
900775515
900775515
900775525
900775525
900775525
900775535
900775535
900775545
900775545
900775545
900775575
900775585
900775585
900775585
900775595
900775605
900775605
900775605
900775625
900775625
900775635
900775635
900775635
900775635
900775645
900775655
900775665
900775675
900775675
900775675
900775685
900775695
900775705
900775705
900775715
900775715
900775715
900775715
900775725
900775725
900775725
900775745
900775745
900775745
900775755
900775765
900775775
900775775
900775785
900775785
900775785
900775785
900775795
900775795
900775815
900775815
900775835
900775845
900775855
900775855
900775855
900775865
900775885
900775885
900775895
900775905
900775905
900775915
900775915
900775915
900775925
900775925
900775925
900775945
900775945
900775955
900775955
900775965
900775965
900775985
900775985
900775995
900775995
900776005
900776025
900776035
900776035
900776045
900776045
900776045
900776055
900776075
900776075
900776085
900776095
900776095
900776095
900776095
900776105
900776105
900776105
900776115
900776125
900776135
900776135
900776135
900776135
900776155
900776165
900776175
900776175
900776185
900776185
900776185
900776185
900776185
900776185
900776205
900776205
900776205
900776215
900776215
900776225
900776225
900776235
900776235
900776245
900776245
900776255
900776255
900776295
900776295
900776305
900776305
900776305
900776315
900776315
900776345
900776345
900776355
900776355
900776365
900776375
900776375
900776385
900776385
900776395
900776405
900776415
900776425
900776445
900776455
900776455
900776475
900776485
900776485
900776485
900776485
900776485
900776495
900776495
900776505
900776505
900776515
900776515
900776515
900776515
900776525
900776525
900776525
900776525
900776535
900776535
900776535
900776545
900776545
900776545
900776555
900977535
900978065
900978065
901212625
901212625
901420195
901420605
901420925
901421045
901421135
901421135
901421135
901422025
901422065
901538245
901538275
901538275
901538295
901538295
901538315
901538335
901538345
901538365
901538395
901538395
901538425
901539005
901539025
901539045
901539055
901539065
901539075
901539085
901539085
901539085
902158785
902159575
902160935
902161105
902161325
902161325
902161325
902161325
902161355
902161355
902161365
902161365
902161365
902161495
902161505
902161675
902161675
902162185
902162195
902162195
902162225
902162225
902162225
902162225
902162315
902162415
902162435
902162495
902162515
902162605
902162605
902162675
902163275
902163435
902163455
902163515
902163535
902164145
902164175
902164175
902164255
902164255
902164255
902164255
902164265
902164535
902164925
902165195
902165315
902165655
902166195
902166195
902166205
902166315
902166315
902166325
902166475
902166635
902166705
902166855
902166855
902166885
902166915
902166945
902388155
902499415
902499415
902499455
902499455
902499465
902499485
902506785
902506795
902506815
902506825
902506825
902506825
902506855
902506865
902506905
902506915
902506915
902506915
902506925
902506925
902506935
902506935
902506945
902506975
902506985
902507005
902507025
902507035
902507085
902507135
902507145
902507155
902507155
902507175
902507205
902507225
902507235
902507235
902507285
902507285
902507305
902507305
902507315
902507345
902507355
902507375
902507375
902507385
902507405
902507415
902507435
902507435
902507445
902507455
902507495
902507495
902507505
902507525
902507535
902507545
902507555
902507585
902507745
902507765
902507815
902507845
902507875
902507875
902507885
902507885
902507945
902507945
902507955
902507975
902507985
902507985
902507995
902508015
902508025
902508055
902508065
902508065
902508085
902508085
902508105
902508125
902508125
902508135
902508145
902508155
902508155
902508165
902508175
902508195
902508195
902508215
902508235
902508275
902508275
902508315
902508365
902508375
902508435
902508445
902508445
902508455
902508465
902508475
902508485
902508515
902508525
902508525
902508545
902508555
902508585
902508625
902508635
902508645
902508655
902508685
902508695
902508705
902508705
902508715
902508715
902508725
902508725
902508735
902508745
902508775
902508775
902508775
902508795
902508805
902508815
902508835
902508835
902508855
902508865
902508865
902508885
902508885
902508915
902508925
902508925
902508925
902508935
902508955
902508965
902509055
902509085
902509095
902509095
902509115
902509125
902509145
902509155
902509165
902509165
902509235
902509235
902509245
902509265
902509265
902509275
902509275
902509285
902509295
902509295
902509305
902509305
902509305
902509315
902509325
902509405
902509445
902509445
902702985
902703005
902703025
902703025
902703045
902703615
902703615
902703625
902703635
902703635
902703665
902703665
902703665
902703665
902703665
902703695
902703705
902703715
902703715
902703735
902703735
902703735
902703745
902703745
902703755
902703765
902703765
902703765
902703775
902703785
902703795
902703845
902703865
902703875
902703895
902703895
902703905
902703935
902703935
902703955
902703955
902703955
902703965
902703975
902703995
902703995
902704005
902704005
902704015
902704015
902704015
902704025
902704035
902704045
902704075
902704095
902704105
902704105
902704105
902704105
902704125
902704135
902704155
902704155
902704155
902704155
902704165
902704175
902704175
902704175
902704175
902704175
902704185
902704185
902704185
902704195
902704195
902704205
902704225
902704225
902704235
902704255
902704265
902704265
902704265
902704275
902704275
902704285
902704285
902704295
902704295
902704305
902704305
902704315
902704315
902704325
902704355
902704365
902704365
902704365
902704375
902704375
902704385
902704385
902704395
902704415
902704415
902704425
902704435
902704435
902704435
902704445
902704455
902704455
902704465
902704465
902704465
902704475
902704485
902704495
902704535
902704545
902704545
902704555
902704555
902704595
902704595
902704595
902704605
902704615
902704625
902704635
902704635
902704645
902704645
902704645
902704655
902704655
902704665
902704675
902704675
902704675
902704675
902704685
902704705
902704705
902704725
902704725
902704725
902704745
902704745
902704765
902704775
902704775
902704785
902704785
902704795
902704795
902704815
902704825
902704835
902704835
902704865
902704865
902704875
902704875
902704885
902704885
902704905
902704905
902704925
902704925
902704935
902704955
902704975
902704985
902704985
902704985
902704995
902704995
902705005
902705005
902705015
902705015
902705015
902705025
902705025
902705035
902705045
902705055
902705065
902705075
902705075
902705085
902705105
902705125
902705125
902705135
902705155
902705155
902705165
902705175
902705175
902705175
902705195
902705195
902705205
902705205
902705225
902705235
902705245
902705245
902705585
902705675
902705685
902705705
902705785
902723695
902754115
902827215
903110765
903110765
903110795
903110895
903110905
903110905
903110935
903110965
903110965
903110965
903110965
903111615
903112175
903113155
903171865
903171905
903171905
903684355
903815585
903815585
903815625
903815635
903856825
903856825
903935755
903935925
903935945
903935995
903936165
903936235
904859915
904863075
904863195
904863285
904863295
904863325
904863365
904863425
904863425
904863435
904864515
904864525
904864535
904864605
904864625
904865685
904865765
904865785
904865785
904865785
904865805
904865805
904865825
904866195
904866195
904866195
904866195
904866215
904866335
904866355
904866355
904866355
904866375
904866405
904866405
904866425
904866425
904866425
904866475
904866475
905127475
905127485
905127515
905127515
905127535
905127535
905127565
905127565
905127565
905127575
905127605
905128535
905128555
905128565
905128565
905128575
905128605
905128635
905477585
905477585
911728565
916172085
916172085
916172095
916172095
916172095
916172095
916172155
916172155
916172155
916172175
916172175
916172185
916172185
916172195
916172195
916172195
916172205
916172205
916172205
916172205
916172215
916172225
916172225
916172225
916172225
916172235
916172235
916172235
916172285
916172285
916172295
916172295
916172325
916172325
916172355
916172355
916172355
916172355
916172375
916172375
916172375
916172375
916172375
916172445
916172445
916172475
916172475
916172525
916172525
916172525
916172585
916172585
916172585
916172585
916172595
916172625
916172625
916172625
916172645
916172645
916172645
916172645
916172645
916172745
916172755
916172755
916172755
916172795
916172795
916172795
916172825
916172825
916172945
916172945
916172945
916172945
916172985
916172985
916172985
916173025
916173025
916173025
916173025
916173035
916173035
916173065
916173065
916173075
916173075
916173095
916173095
916173095
916173095
916173095
916173115
916173115
916173335
916175055
916175055
916175245
916175245
916175885
916175885
916175885
916175885
916175935
916175935
916175935
916175935
916175935
916175935
916176155
916176155
916176155
916176155
916176175
916176175
916176175
916176175
916176185
916176185
916176185
916176185
918374495
920103885
920103885
920103885
920939505
922823425
922823825
922823845
922823935
922826145
922826145
922826275
922826275
922826475
922826475
922826475
922826505
922826525
922826525
922826535
922827125
922827125
922827155
922827165
922827165
922827295
922827295
922827295
922829425
922829465
922829465
922829465
922831335
922831335
922831335
924899195
924899195
928375135
929606345
929607135
929607145
929608895
929608895
929608895
929608935
929614725
929617035
929617035
929617075
929617105
929617105
929617105
929617535
929618195
929618195
929618195
929618435
929618495
929618495
929618805
929618815
929618855
929618885
929620255
929620255
943733265
944606765
946966015
947044005
947044295
947044295
947044305
947044315
947044335
947044345
947044345
947044475
947044485
947047335
947047335
947163785
947163785
947390135
947390135
947390165
947390235
947390255
947390345
947390655
947391185
947391185
947391185
947492625
947576635
949551565
949554055
949554065
949554075
949554085
949554115
949554115
949554125
949554155
949554165
949630095
949630105
954773885
954773885
954777785
954777785
954780515
954780515
954780515
954789365
956449255
956449255
956450555
956450555
956453085
956455055
956455375
956455375
956455945
956456425
956456425
956459485
956459485
956459795
956464875
956465375
956465395
956465405
956465405
956465405
956465415
956465425
956465435
956465435
956465445
956465465
956465465
956465475
956465475
956465495
956465495
956465495
956465545
956465545
956465625
956465635
956465635
956465635
956465655
956465665
956465665
956465695
963281145
963281145
963281145
